pocmonitor_sn,pocmonitor_name,domain_name,destination_ip,time_zone
2000034803,ARMC01,20119845,10.186.176.78,East Appliance 1
2000034809,ARMC03,20119845,10.186.176.78,East Appliance 1
2000034739,ARMC04,20119845,10.186.176.78,East Appliance 1
2000027755,ARMC05,20119845,10.186.176.78,East Appliance 1
2000034702,ARMC06,20119845,10.186.176.78,East Appliance 1
2000034673,ARMC07,20119845,10.186.176.78,East Appliance 1
2000034684,ARMC09,20119845,10.186.176.78,East Appliance 1
2000034777,ARMC10,20119845,10.186.176.78,East Appliance 1
2000034671,ARMC11,20119845,10.186.176.78,East Appliance 1
2000032393,ARMC12,20119845,10.186.176.78,East Appliance 1
2000034780,ARMC13,20119845,10.186.176.78,East Appliance 1
2000034705,ARMC14,20119845,10.186.176.78,East Appliance 1
2000034678,ARMC15,20119845,10.186.176.78,East Appliance 1
2000032487,ARMC17,20119845,10.186.176.78,East Appliance 1
2000034755,ARMC18,20119845,10.186.176.78,East Appliance 1
2000034674,ARMC19,20119845,10.186.176.78,East Appliance 1
2000038210,ARMC20,20119845,10.186.176.78,East Appliance 1
2000038245,ARMC21,20119845,10.186.176.78,East Appliance 1
2000038229,ARMC22,20119845,10.186.176.78,East Appliance 1
2000035575,ARMC23,20119845,10.186.176.78,East Appliance 1
2000038303,ARMC24,20119845,10.186.176.78,East Appliance 1
2000038195,ARMC25,20119845,10.186.176.78,East Appliance 1
2000035585,ARMC26,20119845,10.186.176.78,East Appliance 1
2000033592,ARMC27,20119845,10.186.176.78,East Appliance 1
2000035589,ARMC28,20119845,10.186.176.78,East Appliance 1
2000038228,ARMC29,20119845,10.186.176.78,East Appliance 1
2000038141,ARMC30,20119845,10.186.176.78,East Appliance 1
2000038252,ARMC31,20119845,10.186.176.78,East Appliance 1
2000038203,ARMC32,20119845,10.186.176.78,East Appliance 1
2000038136,ARMC33,20119845,10.186.176.78,East Appliance 1
2000038148,ARMC34,20119845,10.186.176.78,East Appliance 1
2000038142,ARMC35,20119845,10.186.176.78,East Appliance 1
2000038302,ARMC36,20119845,10.186.176.78,East Appliance 1
2000038178,ARMC37,20119845,10.186.176.78,East Appliance 1
2000038155,ARMC38,20119845,10.186.176.78,East Appliance 1
2000038194,ARMC39,20119845,10.186.176.78,East Appliance 1
2000038127,ARMC40,20119845,10.186.176.78,East Appliance 1
2000038269,ARMC41,20119845,10.186.176.78,East Appliance 1
2000038176,ARMC42,20119845,10.186.176.78,East Appliance 1
2000038227,ARMC43,20119845,10.186.176.78,East Appliance 1
2000038212,ARMC44,20119845,10.186.176.78,East Appliance 1
2000037085,ARMC45,20119845,10.186.176.78,East Appliance 1
2000037098,ARMC46,20119845,10.186.176.78,East Appliance 1
2000038213,ARMC47,20119845,10.186.176.78,East Appliance 1
2000036583,ARMC48,20119845,10.186.176.78,East Appliance 1
2000038143,ARMC49,20119845,10.186.176.78,East Appliance 1
2000035596,ARMC50,20119845,10.186.176.78,East Appliance 1
2000033582,ARMC51,20119845,10.186.176.78,East Appliance 1
2000038211,ARMC52,20119845,10.186.176.78,East Appliance 1
2000038126,ARMC53,20119845,10.186.176.78,East Appliance 1
2000033939,ARMC54,20119845,10.186.176.78,East Appliance 1
2000033588,ARMC55,20119845,10.186.176.78,East Appliance 1
2000038289,ARMC56,20119845,10.186.176.78,East Appliance 1
2000038287,ARMC57,20119845,10.186.176.78,East Appliance 1
2000036581,ARMC58,20119845,10.186.176.78,East Appliance 1
2000038253,ARMC59,20119845,10.186.176.78,East Appliance 1
2000038268,ARMC60,20119845,10.186.176.78,East Appliance 1
2000033585,ARMC61,20119845,10.186.176.78,East Appliance 1
2000033586,ARMC62,20119845,10.186.176.78,East Appliance 1
2000038192,ARMC63,20119845,10.186.176.78,East Appliance 1
2000038131,ARMC64,20119845,10.186.176.78,East Appliance 1
2000038160,ARMC65,20119845,10.186.176.78,East Appliance 1
2000035588,ARMC66,20119845,10.186.176.78,East Appliance 1
2000038202,ARMC67,20119845,10.186.176.78,East Appliance 1
2000047654,ARMC68,20119845,10.186.176.78,East Appliance 1
2000024195,ARMC69,20119845,10.186.176.78,East Appliance 1
2000038464,ARMC70,20119845,10.186.176.78,East Appliance 1
2000062396,ARMC71,20119845,10.186.176.78,East Appliance 1
2000042427,ARMC72,20119845,10.186.176.78,East Appliance 1
2000083626,RootLWR01,652230,10.186.176.78,East Appliance 1
2000032427,RootLWR02,652230,10.186.176.78,East Appliance 1
2000032435,RootLWR03,652230,10.186.176.78,East Appliance 1
2000116381,RootLWR04,652230,10.186.176.78,East Appliance 1
2000032460,RootLWR05,652230,10.186.176.78,East Appliance 1
2000032464,RootLWR06,652230,10.186.176.78,East Appliance 1
2000120951,RootLWR07,652230,10.186.176.78,East Appliance 1
2000032470,RootLWR08,652230,10.186.176.78,East Appliance 1
2000032474,RootLWR09,652230,10.186.176.78,East Appliance 1
2000032479,RootLWR10,652230,10.186.176.78,East Appliance 1
2000088579,RootLWR11,652230,10.186.176.78,East Appliance 1
2000091416,RootLWR12,652230,10.186.176.78,East Appliance 1
2000034778,RootLWR13,652230,10.186.176.78,East Appliance 1
2000034789,RootLWR14,652230,10.186.176.78,East Appliance 1
2000039817,RootLWR15,652230,10.186.176.78,East Appliance 1
2000028560,RootLWR16,652230,10.186.176.78,East Appliance 1
2000028558,RootLWR17,652230,10.186.176.78,East Appliance 1
2000058989,RootLWR18,652230,10.186.176.78,East Appliance 1
2000024883,RootLWR19,652230,10.186.176.78,East Appliance 1
2000033732,RootLWR20,652230,10.186.176.78,East Appliance 1
2000121031,RootLWR21,652230,10.186.176.78,East Appliance 1
2000033743,RootLWR22,652230,10.186.176.78,East Appliance 1
2000035762,RootLWR23,652230,10.186.176.78,East Appliance 1
2000035759,RootLWR24,652230,10.186.176.78,East Appliance 1
2000042562,RootLWR25,652230,10.186.176.78,East Appliance 1
2000141135,RootLWR26,652230,10.186.176.78,East Appliance 1
2000042022,RootLWR27,652230,10.186.176.78,East Appliance 1
2000042007,RootLWR28,652230,10.186.176.78,East Appliance 1
2000061618,RootLWR29,652230,10.186.176.78,East Appliance 1
2000042074,RootLWR30,652230,10.186.176.78,East Appliance 1
2000042307,RootLWR31,652230,10.186.176.78,East Appliance 1
2000042429,RootLWR32,652230,10.186.176.78,East Appliance 1
2000056864,RootLWR33,652230,10.186.176.78,East Appliance 1
2000050194,RootLWR34,652230,10.186.176.78,East Appliance 1
2000034421,RootLWR35,652230,10.186.176.78,East Appliance 1
2000125722,RootLWR61,652230,10.186.176.78,East Appliance 1
2000027100,RootMMH01,652229,10.186.176.78,East Appliance 1
2000027601,RootMMH02,652229,10.186.176.78,East Appliance 1
2000027602,RootMMH03,652229,10.186.176.78,East Appliance 1
2000027604,RootMMH05,652229,10.186.176.78,East Appliance 1
2000027605,RootMMH06,652229,10.186.176.78,East Appliance 1
2000027606,RootMMH07,652229,10.186.176.78,East Appliance 1
2000027608,RootMMH08,652229,10.186.176.78,East Appliance 1
2000027609,RootMMH09,652229,10.186.176.78,East Appliance 1
2000027610,RootMMH10,652229,10.186.176.78,East Appliance 1
2000027612,RootMMH11,652229,10.186.176.78,East Appliance 1
2000027613,RootMMH12,652229,10.186.176.78,East Appliance 1
2000027614,RootMMH13,652229,10.186.176.78,East Appliance 1
2000028487,RootMMH14,652229,10.186.176.78,East Appliance 1
2000028513,RootMMH15,652229,10.186.176.78,East Appliance 1
2000028517,RootMMH16,652229,10.186.176.78,East Appliance 1
2000028524,RootMMH17,652229,10.186.176.78,East Appliance 1
2000028535,RootMMH18,652229,10.186.176.78,East Appliance 1
2000028579,RootMMH19,652229,10.186.176.78,East Appliance 1
2000028582,RootMMH20,652229,10.186.176.78,East Appliance 1
2000083070,RootMMH21,652229,10.186.176.78,East Appliance 1
2000028585,RootMMH22,652229,10.186.176.78,East Appliance 1
2000028586,RootMMH23,652229,10.186.176.78,East Appliance 1
2000028591,RootMMH24,652229,10.186.176.78,East Appliance 1
2000028592,RootMMH25,652229,10.186.176.78,East Appliance 1
2000028596,RootMMH26,652229,10.186.176.78,East Appliance 1
2000028598,RootMMH27,652229,10.186.176.78,East Appliance 1
2000016853,RootMMH28,652229,10.186.176.78,East Appliance 1
2000028600,RootMMH29,652229,10.186.176.78,East Appliance 1
2000027729,RootMMH30,652229,10.186.176.78,East Appliance 1
2000039903,RootMMH31,652229,10.186.176.78,East Appliance 1
2000027754,RootMMH32,652229,10.186.176.78,East Appliance 1
2000027778,RootMMH33,652229,10.186.176.78,East Appliance 1
2000027851,RootMMH34,652229,10.186.176.78,East Appliance 1
2000034706,RootMMH35,652229,10.186.176.78,East Appliance 1
2000034771,RootMMH36,652229,10.186.176.78,East Appliance 1
2000039702,RootMMH37,652229,10.186.176.78,East Appliance 1
2000035796,WRMC01,589723,10.186.176.78,East Appliance 1
2000028501,WRMC02,589723,10.186.176.78,East Appliance 1
2000028569,WRMC03,589723,10.186.176.78,East Appliance 1
2000027728,WRMC04,589723,10.186.176.78,East Appliance 1
2000026893,WRMC05,589723,10.186.176.78,East Appliance 1
2000050370,WRMC07,589723,10.186.176.78,East Appliance 1
2000027861,WRMC08,589723,10.186.176.78,East Appliance 1
2000077763,WRMC09,589723,10.186.176.78,East Appliance 1
2000028509,WRMC10,589723,10.186.176.78,East Appliance 1
2000027840,WRMC11,589723,10.186.176.78,East Appliance 1
2000035197,WRMC12,589723,10.186.176.78,East Appliance 1
2000034984,WRMC13,589723,10.186.176.78,East Appliance 1
2000027814,WRMC14,589723,10.186.176.78,East Appliance 1
2000077748,WRMC15,589723,10.186.176.78,East Appliance 1
2000028514,WRMC16,589723,10.186.176.78,East Appliance 1
2000015856,WRMC17,589723,10.186.176.78,East Appliance 1
2000042094,WRMC18,589723,10.186.176.78,East Appliance 1
2000028484,WRMC19,589723,10.186.176.78,East Appliance 1
2000027717,WRMC20,589723,10.186.176.78,East Appliance 1
2000039782,WRMC21,589723,10.186.176.78,East Appliance 1
2000039652,WRMC22,589723,10.186.176.78,East Appliance 1
2000035777,WRMC23,589723,10.186.176.78,East Appliance 1
2000039922,WRMC24,589723,10.186.176.78,East Appliance 1
2000039772,WRMC25,589723,10.186.176.78,East Appliance 1
2000039764,WRMC26,589723,10.186.176.78,East Appliance 1
2000039642,WRMC27,589723,10.186.176.78,East Appliance 1
2000039795,WRMC29,589723,10.186.176.78,East Appliance 1
2000039762,WRMC30,589723,10.186.176.78,East Appliance 1
2000044608,WRMC31,589723,10.186.176.78,East Appliance 1
2000044742,WRMC32,589723,10.186.176.78,East Appliance 1
2000016839,WRMC33,589723,10.186.176.78,East Appliance 1
2000041935,WRMC34,589723,10.186.176.78,East Appliance 1
2000041972,WRMC35,589723,10.186.176.78,East Appliance 1
2000042071,WRMC36,589723,10.186.176.78,East Appliance 1
2000042569,WRMC37,589723,10.186.176.78,East Appliance 1
2000045337,WRMC38,589723,10.186.176.78,East Appliance 1
2000045370,WRMC39,589723,10.186.176.78,East Appliance 1
2000115445,WRMC40,589723,10.186.176.78,East Appliance 1
2000045783,WRMC41,589723,10.186.176.78,East Appliance 1
2000046477,WRMC42,589723,10.186.176.78,East Appliance 1
2000046594,WRMC43,589723,10.186.176.78,East Appliance 1
2000047498,WRMC44,589723,10.186.176.78,East Appliance 1
2000047500,WRMC45,589723,10.186.176.78,East Appliance 1
2000047501,WRMC46,589723,10.186.176.78,East Appliance 1
2000047512,WRMC47,589723,10.186.176.78,East Appliance 1
2000047514,WRMC48,589723,10.186.176.78,East Appliance 1
2000047515,WRMC49,589723,10.186.176.78,East Appliance 1
2000047519,WRMC50,589723,10.186.176.78,East Appliance 1
2000047520,WRMC51,589723,10.186.176.78,East Appliance 1
2000047521,WRMC52,589723,10.186.176.78,East Appliance 1
2000050128,WRMC53,589723,10.186.176.78,East Appliance 1
2000115380,ARMC100,19599860,10.186.176.80,East Appliance 2
2000113593,ARMC101,19599860,10.186.176.80,East Appliance 2
2000113580,ARMC102,19599860,10.186.176.80,East Appliance 2
2000113565,ARMC103,19599860,10.186.176.80,East Appliance 2
2000113595,ARMC104,19599860,10.186.176.80,East Appliance 2
2000113572,ARMC105,19599860,10.186.176.80,East Appliance 2
2000113615,ARMC106,19599860,10.186.176.80,East Appliance 2
2000113581,ARMC107,19599860,10.186.176.80,East Appliance 2
2000115304,ARMC108,19599860,10.186.176.80,East Appliance 2
2000113561,ARMC109,19599860,10.186.176.80,East Appliance 2
2000113605,ARMC110,19599860,10.186.176.80,East Appliance 2
2000113612,ARMC111,19599860,10.186.176.80,East Appliance 2
2000115175,ARMC112,19599860,10.186.176.80,East Appliance 2
2000113541,ARMC113,19599860,10.186.176.80,East Appliance 2
2000113613,ARMC114,19599860,10.186.176.80,East Appliance 2
2000113602,ARMC115,19599860,10.186.176.80,East Appliance 2
2000113604,ARMC73,19599860,10.186.176.80,East Appliance 2
2000115300,ARMC74,19599860,10.186.176.80,East Appliance 2
2000113575,ARMC75,19599860,10.186.176.80,East Appliance 2
2000113576,ARMC76,19599860,10.186.176.80,East Appliance 2
2000113610,ARMC77,19599860,10.186.176.80,East Appliance 2
2000115168,ARMC78,19599860,10.186.176.80,East Appliance 2
2000113539,ARMC79,19599860,10.186.176.80,East Appliance 2
2000114905,ARMC80,19599860,10.186.176.80,East Appliance 2
2000115299,ARMC81,19599860,10.186.176.80,East Appliance 2
2000113558,ARMC82,19599860,10.186.176.80,East Appliance 2
2000113597,ARMC83,19599860,10.186.176.80,East Appliance 2
2000113538,ARMC84,19599860,10.186.176.80,East Appliance 2
2000113607,ARMC85,19599860,10.186.176.80,East Appliance 2
2000113582,ARMC86,19599860,10.186.176.80,East Appliance 2
2000115264,ARMC87,19599860,10.186.176.80,East Appliance 2
2000115205,ARMC88,19599860,10.186.176.80,East Appliance 2
2000115303,ARMC89,19599860,10.186.176.80,East Appliance 2
2000115225,ARMC90,19599860,10.186.176.80,East Appliance 2
2000113544,ARMC91,19599860,10.186.176.80,East Appliance 2
2000115201,ARMC92,19599860,10.186.176.80,East Appliance 2
2000113527,ARMC93,19599860,10.186.176.80,East Appliance 2
2000113537,ARMC94,19599860,10.186.176.80,East Appliance 2
2000113608,ARMC95,19599860,10.186.176.80,East Appliance 2
2000113598,ARMC96,19599860,10.186.176.80,East Appliance 2
2000115376,ARMC97,19599860,10.186.176.80,East Appliance 2
2000113616,ARMC98,19599860,10.186.176.80,East Appliance 2
2000115172,ARMC99,19599860,10.186.176.80,East Appliance 2
2000026303,EMRTest,19599854,10.186.176.80,East Appliance 2
2000026226,EMRTest2,652230,10.186.176.80,East Appliance 2
2000034808,EMRTest3,19599854,10.186.176.80,East Appliance 2
2000032427,RootLWR02,652230,10.186.176.80,East Appliance 2
2000035762,RootLWR23,652230,10.186.176.80,East Appliance 2
2000042074,RootLWR30,652230,10.186.176.80,East Appliance 2
2000050194,RootLWR34,652230,10.186.176.80,East Appliance 2
2000050310,RootLWR35,652230,10.186.176.80,East Appliance 2
2000050668,RootLWR36,652230,10.186.176.80,East Appliance 2
2000050642,RootLWR37,652230,10.186.176.80,East Appliance 2
2000050660,RootLWR38,652230,10.186.176.80,East Appliance 2
2000050863,RootLWR39,652230,10.186.176.80,East Appliance 2
2000050618,RootLWR40,652230,10.186.176.80,East Appliance 2
2000050655,RootLWR41,652230,10.186.176.80,East Appliance 2
2000035742,RootLWR42,652230,10.186.176.80,East Appliance 2
2000080546,RootLWR43,652230,10.186.176.80,East Appliance 2
2000080637,RootLWR44,652230,10.186.176.80,East Appliance 2
2000082475,RootLWR45,652230,10.186.176.80,East Appliance 2
2000080572,RootLWR46,652230,10.186.176.80,East Appliance 2
2000091557,RootLWR47,652230,10.186.176.80,East Appliance 2
2000091725,RootLWR48,652230,10.186.176.80,East Appliance 2
2000091724,RootLWR49,652230,10.186.176.80,East Appliance 2
2000091567,RootLWR50,652230,10.186.176.80,East Appliance 2
2000061575,RootLWR51,652230,10.186.176.80,East Appliance 2
2000131527,RootLWR52,652230,10.186.176.80,East Appliance 2
2000083000,RootLWR53,652230,10.186.176.80,East Appliance 2
2000085040,RootLWR54,652230,10.186.176.80,East Appliance 2
2000083073,RootLWR55,652230,10.186.176.80,East Appliance 2
2000061771,RootLWR56,652230,10.186.176.80,East Appliance 2
2000085013,RootLWR57,652230,10.186.176.80,East Appliance 2
2000085206,RootLWR58,652230,10.186.176.80,East Appliance 2
2000085081,RootLWR59,652230,10.186.176.80,East Appliance 2
2000085082,RootLWR60,652230,10.186.176.80,East Appliance 2
2000015656,RootMMH54,652229,10.186.176.80,East Appliance 2
2000038326,RootMMH55,652229,10.186.176.80,East Appliance 2
2000048439,RootMMH56,652229,10.186.176.80,East Appliance 2
2000048764,RootMMH57,652229,10.186.176.80,East Appliance 2
2000048499,RootMMH58,652229,10.186.176.80,East Appliance 2
2000048680,RootMMH59,652229,10.186.176.80,East Appliance 2
2000047691,RootMMH60,652229,10.186.176.80,East Appliance 2
2000048748,RootMMH61,652229,10.186.176.80,East Appliance 2
2000048699,RootMMH62,652229,10.186.176.80,East Appliance 2
2000047629,RootMMH63,652229,10.186.176.80,East Appliance 2
2000047636,RootMMH64,652229,10.186.176.80,East Appliance 2
2000048470,RootMMH65,652229,10.186.176.80,East Appliance 2
2000048782,RootMMH66,652229,10.186.176.80,East Appliance 2
2000047614,RootMMH67,652229,10.186.176.80,East Appliance 2
2000047687,RootMMH68,652229,10.186.176.80,East Appliance 2
2000049107,RootMMH69,652229,10.186.176.80,East Appliance 2
2000048743,RootMMH70,652229,10.186.176.80,East Appliance 2
2000048683,RootMMH71,652229,10.186.176.80,East Appliance 2
2000048814,RootMMH72,652229,10.186.176.80,East Appliance 2
2000047638,RootMMH73,652229,10.186.176.80,East Appliance 2
2000048452,RootMMH74,652229,10.186.176.80,East Appliance 2
2000047535,RootMMH75,652229,10.186.176.80,East Appliance 2
2000048676,RootMMH76,652229,10.186.176.80,East Appliance 2
2000047694,RootMMH77,652229,10.186.176.80,East Appliance 2
2000047630,RootMMH78,652229,10.186.176.80,East Appliance 2
2000056954,RootMMH79,652229,10.186.176.80,East Appliance 2
2000116403,RootMMH80,652229,10.186.176.80,East Appliance 2
2000084947,RootMMH81,652229,10.186.176.80,East Appliance 2
2000049186,RootMMH82,652229,10.186.176.80,East Appliance 2
2000119192,RootMMH83,652229,10.186.176.80,East Appliance 2
2000119135,RootMMH84,652229,10.186.176.80,East Appliance 2
2000120170,RootMMH85,652229,10.186.176.80,East Appliance 2
1,SimTest1,default domain,10.186.176.80,East Appliance 2
2000022521,WRMC28,589723,10.186.176.80,East Appliance 2
2000028515,GWU01,652231,10.186.176.87,East Appliance 3
2000028516,GWU02,652231,10.186.176.87,East Appliance 3
2000028568,GWU03,652231,10.186.176.87,East Appliance 3
2000028504,GWU04,652231,10.186.176.87,East Appliance 3
2000112475,GWU05,652231,10.186.176.87,East Appliance 3
2000027762,GWU06,652231,10.186.176.87,East Appliance 3
2000028491,GWU07,652231,10.186.176.87,East Appliance 3
2000027763,GWU08,652231,10.186.176.87,East Appliance 3
2000028505,GWU09,652231,10.186.176.87,East Appliance 3
2000050765,GWU10,652231,10.186.176.87,East Appliance 3
2000050643,GWU11,652231,10.186.176.87,East Appliance 3
2000050722,GWU12,652231,10.186.176.87,East Appliance 3
2000050690,GWU13,652231,10.186.176.87,East Appliance 3
2000050910,GWU14,652231,10.186.176.87,East Appliance 3
2000050737,GWU15,652231,10.186.176.87,East Appliance 3
2000049897,GWU16,652231,10.186.176.87,East Appliance 3
2000026226,UHSTest1,652231,10.186.176.87,East Appliance 3
2000036051,3East,19599860,10.186.176.76,Central Appliance 1
2000032549,5West,19599860,10.186.176.76,Central Appliance 1
2000033619,5West2,19599860,10.186.176.76,Central Appliance 1
2000062966,6West,19599860,10.186.176.76,Central Appliance 1
2000033780,7East,19599860,10.186.176.76,Central Appliance 1
2000052365,7West,19599860,10.186.176.76,Central Appliance 1
2000034079,DHL01,19599852,10.186.176.76,Central Appliance 1
2000034018,DHL02,19599852,10.186.176.76,Central Appliance 1
2000083119,DHL03,19599852,10.186.176.76,Central Appliance 1
2000034095,DHL04,19599852,10.186.176.76,Central Appliance 1
2000034002,DHL05,19599852,10.186.176.76,Central Appliance 1
2000034081,DHL06,19599852,10.186.176.76,Central Appliance 1
2000034059,DHL07,19599852,10.186.176.76,Central Appliance 1
2000084666,DHL08,19599852,10.186.176.76,Central Appliance 1
2000045438,ERBH01,19599861,10.186.176.76,Central Appliance 1
2000046382,ERBH02,19599861,10.186.176.76,Central Appliance 1
2000046378,ERBH03,19599861,10.186.176.76,Central Appliance 1
2000046379,ERBH04,19599861,10.186.176.76,Central Appliance 1
2000045348,ERBH05,19599861,10.186.176.76,Central Appliance 1
2000045407,ERBH06,19599861,10.186.176.76,Central Appliance 1
2000039820,ERMC10,19599858,10.186.176.76,Central Appliance 1
2000039609,ERMC11,19599858,10.186.176.76,Central Appliance 1
2000042568,ERMC12,19599858,10.186.176.76,Central Appliance 1
2000045676,ERMC13,19599858,10.186.176.76,Central Appliance 1
2000045204,ERMC14,19599858,10.186.176.76,Central Appliance 1
2000046538,ERMC15,19599858,10.186.176.76,Central Appliance 1
2000049604,ERMC16,19599858,10.186.176.76,Central Appliance 1
2000049606,ERMC17,19599858,10.186.176.76,Central Appliance 1
2000052282,ERMC18,19599858,10.186.176.76,Central Appliance 1
2000052353,ERMC19,19599858,10.186.176.76,Central Appliance 1
2000052337,ERMC20,19599858,10.186.176.76,Central Appliance 1
2000052391,ERMC21,19599858,10.186.176.76,Central Appliance 1
2000052292,ERMC22,19599858,10.186.176.76,Central Appliance 1
2000062180,ERMC23,19599858,10.186.176.76,Central Appliance 1
2000062020,ERMC24,19599858,10.186.176.76,Central Appliance 1
2000062104,ERMC25,19599858,10.186.176.76,Central Appliance 1
2000052327,ERMC27,19599858,10.186.176.76,Central Appliance 1
2000056902,ERMC30,19599858,10.186.176.76,Central Appliance 1
2000089901,ERMC32,19599858,10.186.176.76,Central Appliance 1
2000056630,ERMC34,19599858,10.186.176.76,Central Appliance 1
2000080475,ERMC38,19599858,10.186.176.76,Central Appliance 1
2000118449,ERMC40,19599858,10.186.176.76,Central Appliance 1
2000118670,ERMC41,19599858,10.186.176.76,Central Appliance 1
2000118508,ERMC42,19599858,10.186.176.76,Central Appliance 1
2000112486,ERMC43,19599858,10.186.176.76,Central Appliance 1
2000039826,FDR01,19599850,10.186.176.76,Central Appliance 1
2000035385,FDR02,19599850,10.186.176.76,Central Appliance 1
2000035387,FDR03,19599850,10.186.176.76,Central Appliance 1
2000034103,Instrument1,19599858,10.186.176.76,Central Appliance 1
2000035702,Instrument2,19599858,10.186.176.76,Central Appliance 1
2000035450,Instrument3,19599858,10.186.176.76,Central Appliance 1
2000034200,Instrument4,19599858,10.186.176.76,Central Appliance 1
2000138241,Instrument5,19599858,10.186.176.76,Central Appliance 1
2000035756,Instrument6,19599858,10.186.176.76,Central Appliance 1
2000035697,Instrument7,19599858,10.186.176.76,Central Appliance 1
2000034121,Instrument8,19599858,10.186.176.76,Central Appliance 1
2000034127,Instrument9,19599858,10.186.176.76,Central Appliance 1
2000038402,MMC10,19599860,10.186.176.76,Central Appliance 1
2000024621,MMC11,19599860,10.186.176.76,Central Appliance 1
2000038220,MMC12,19599860,10.186.176.76,Central Appliance 1
2000038282,MMC13,19599860,10.186.176.76,Central Appliance 1
2000038242,MMC14,19599860,10.186.176.76,Central Appliance 1
2000038427,MMC15,19599860,10.186.176.76,Central Appliance 1
2000038593,MMC16,19599860,10.186.176.76,Central Appliance 1
2000038578,MMC17,19599860,10.186.176.76,Central Appliance 1
2000038570,MMC18,19599860,10.186.176.76,Central Appliance 1
2000038424,MMC19,19599860,10.186.176.76,Central Appliance 1
2000038586,MMC20,19599860,10.186.176.76,Central Appliance 1
2000041806,MMC21,19599860,10.186.176.76,Central Appliance 1
2000038399,MMC22,19599860,10.186.176.76,Central Appliance 1
2000038106,MMC23,19599860,10.186.176.76,Central Appliance 1
2000037100,MMC24,19599860,10.186.176.76,Central Appliance 1
2000089251,MMC25,19599860,10.186.176.76,Central Appliance 1
2000120368,MMC26,19599860,10.186.176.76,Central Appliance 1
2000016860,MMC27,19599860,10.186.176.76,Central Appliance 1
2000038440,MMC28,19599860,10.186.176.76,Central Appliance 1
2000038221,MMC29,19599860,10.186.176.76,Central Appliance 1
2000038569,MMC30,19599860,10.186.176.76,Central Appliance 1
2000036580,MMC31,19599860,10.186.176.76,Central Appliance 1
2000038403,MMC32,19599860,10.186.176.76,Central Appliance 1
2000038223,MMC33,19599860,10.186.176.76,Central Appliance 1
2000038439,MMC34,19599860,10.186.176.76,Central Appliance 1
2000024260,MMC35,19599860,10.186.176.76,Central Appliance 1
2000026312,MMC37,19599860,10.186.176.76,Central Appliance 1
2000083452,MMC38,19599860,10.186.176.76,Central Appliance 1
2000045852,MMC39,19599860,10.186.176.76,Central Appliance 1
2000045781,MMC40,19599860,10.186.176.76,Central Appliance 1
2000093739,MMC41,19599860,10.186.176.76,Central Appliance 1
2000045749,MMC42,19599860,10.186.176.76,Central Appliance 1
2000045741,MMC43,19599860,10.186.176.76,Central Appliance 1
2000065888,MMC44,19599860,10.186.176.76,Central Appliance 1
2000126796,MMC45,19599860,10.186.176.76,Central Appliance 1
2000120690,MMC46,19599860,10.186.176.76,Central Appliance 1
2000038255,MMC7,19599860,10.186.176.76,Central Appliance 1
2000122377,MMC8,19599860,10.186.176.76,Central Appliance 1
2000038573,MMC9,19599860,10.186.176.76,Central Appliance 1
2000026303,MMCTEST,19599854,10.186.176.76,Central Appliance 1
2000026226,MSMO_CORP1,19599852,10.186.176.76,Central Appliance 1
2000032912,NWTHS01,19599847,10.186.176.76,Central Appliance 1
2000035272,NWTHS02,19599847,10.186.176.76,Central Appliance 1
2000035377,NWTHS03,19599847,10.186.176.76,Central Appliance 1
2000035345,NWTHS04,19599847,10.186.176.76,Central Appliance 1
2000035278,NWTHS05,19599847,10.186.176.76,Central Appliance 1
2000035374,NWTHS06,19599847,10.186.176.76,Central Appliance 1
2000035389,NWTHS07,19599847,10.186.176.76,Central Appliance 1
2000035388,NWTHS08,19599847,10.186.176.76,Central Appliance 1
2000059135,NWTHS09,19599847,10.186.176.76,Central Appliance 1
2000027850,NWTHS1,19599847,10.186.176.76,Central Appliance 1
2000035315,NWTHS11,19599847,10.186.176.76,Central Appliance 1
2000035285,NWTHS13,19599847,10.186.176.76,Central Appliance 1
2000035344,NWTHS14,19599847,10.186.176.76,Central Appliance 1
2000035361,NWTHS15,19599847,10.186.176.76,Central Appliance 1
2000035368,NWTHS16,19599847,10.186.176.76,Central Appliance 1
2000042537,NWTHS18,19599847,10.186.176.76,Central Appliance 1
2000042570,NWTHS19,19599847,10.186.176.76,Central Appliance 1
2000042546,NWTHS20,19599847,10.186.176.76,Central Appliance 1
2000042513,NWTHS21,19599847,10.186.176.76,Central Appliance 1
2000042511,NWTHS22,19599847,10.186.176.76,Central Appliance 1
2000042313,NWTHS23,19599847,10.186.176.76,Central Appliance 1
2000042414,NWTHS24,19599847,10.186.176.76,Central Appliance 1
2000042439,NWTHS25,19599847,10.186.176.76,Central Appliance 1
2000042356,NWTHS26,19599847,10.186.176.76,Central Appliance 1
2000042357,NWTHS27,19599847,10.186.176.76,Central Appliance 1
2000042407,NWTHS28,19599847,10.186.176.76,Central Appliance 1
2000042522,NWTHS29,19599847,10.186.176.76,Central Appliance 1
2000042486,NWTHS30,19599847,10.186.176.76,Central Appliance 1
2000042378,NWTHS31,19599847,10.186.176.76,Central Appliance 1
2000042516,NWTHS32,19599847,10.186.176.76,Central Appliance 1
2000042375,NWTHS33,19599847,10.186.176.76,Central Appliance 1
2000042476,NWTHS34,19599847,10.186.176.76,Central Appliance 1
2000042471,NWTHS35,19599847,10.186.176.76,Central Appliance 1
2000042290,NWTHS36,19599847,10.186.176.76,Central Appliance 1
2000042499,NWTHS37,19599847,10.186.176.76,Central Appliance 1
2000042518,NWTHS38,19599847,10.186.176.76,Central Appliance 1
2000042323,NWTHS39,19599847,10.186.176.76,Central Appliance 1
2000042466,NWTHS40,19599847,10.186.176.76,Central Appliance 1
2000042508,NWTHS41,19599847,10.186.176.76,Central Appliance 1
2000042552,NWTHS42,19599847,10.186.176.76,Central Appliance 1
2000042413,NWTHS43,19599847,10.186.176.76,Central Appliance 1
2000042405,NWTHS44,19599847,10.186.176.76,Central Appliance 1
2000042333,NWTHS45,19599847,10.186.176.76,Central Appliance 1
2000042556,NWTHS46,19599847,10.186.176.76,Central Appliance 1
2000084672,NWTHS47,19599847,10.186.176.76,Central Appliance 1
2000042425,NWTHS48,19599847,10.186.176.76,Central Appliance 1
2000042433,NWTHS49,19599847,10.186.176.76,Central Appliance 1
2000042550,NWTHS50,19599847,10.186.176.76,Central Appliance 1
2000042517,NWTHS51,19599847,10.186.176.76,Central Appliance 1
2000042387,NWTHS52,19599847,10.186.176.76,Central Appliance 1
2000042310,NWTHS53,19599847,10.186.176.76,Central Appliance 1
2000042380,NWTHS54,19599847,10.186.176.76,Central Appliance 1
2000116273,NWTHS55,19599847,10.186.176.76,Central Appliance 1
2000083660,NWTHS56,19599847,10.186.176.76,Central Appliance 1
2000042472,NWTHS57,19599847,10.186.176.76,Central Appliance 1
2000042524,NWTHS58,19599847,10.186.176.76,Central Appliance 1
2000042371,NWTHS59,19599847,10.186.176.76,Central Appliance 1
2000042420,NWTHS60,19599847,10.186.176.76,Central Appliance 1
2000112692,NWTHS61,19599847,10.186.176.76,Central Appliance 1
2000042410,NWTHS62,19599847,10.186.176.76,Central Appliance 1
2000042312,NWTHS63,19599847,10.186.176.76,Central Appliance 1
2000042438,NWTHS64,19599847,10.186.176.76,Central Appliance 1
2000042452,NWTHS65,19599847,10.186.176.76,Central Appliance 1
2000042498,NWTHS66,19599847,10.186.176.76,Central Appliance 1
2000042534,NWTHS67,19599847,10.186.176.76,Central Appliance 1
2000035365,NWTHS68,19599847,10.186.176.76,Central Appliance 1
2000032491,PCCU01,19599859,10.186.176.76,Central Appliance 1
2000021493,PCCU02,19599859,10.186.176.76,Central Appliance 1
2000024936,PCCU03,19599859,10.186.176.76,Central Appliance 1
2000032515,PCCU05,19599859,10.186.176.76,Central Appliance 1
2000032522,PCCU06,19599859,10.186.176.76,Central Appliance 1
2000039666,PCCU07,19599859,10.186.176.76,Central Appliance 1
2000032508,PCCU08,19599859,10.186.176.76,Central Appliance 1
2000032554,PCCU10,19599859,10.186.176.76,Central Appliance 1
2000032553,PCCU11,19599859,10.186.176.76,Central Appliance 1
2000032578,PCCU12,19599859,10.186.176.76,Central Appliance 1
2000034099,PCCU13,19599859,10.186.176.76,Central Appliance 1
2000082926,PCCU14,19599859,10.186.176.76,Central Appliance 1
2000027858,PCCU2,19599859,10.186.176.76,Central Appliance 1
2000033774,PCCU4,19599859,10.186.176.76,Central Appliance 1
2000033769,PCCU9,19599859,10.186.176.76,Central Appliance 1
2000042561,SMH01,19599845,10.186.176.76,Central Appliance 1
2000034711,SMH02,19599845,10.186.176.76,Central Appliance 1
2000034682,SMH03,19599845,10.186.176.76,Central Appliance 1
2000049490,SMH04,19599845,10.186.176.76,Central Appliance 1
2000049557,SMH05,19599845,10.186.176.76,Central Appliance 1
2000127494,SMH06,19599845,10.186.176.76,Central Appliance 1
2000049564,SMH07,19599845,10.186.176.76,Central Appliance 1
2000049565,SMH08,19599845,10.186.176.76,Central Appliance 1
2000049570,SMH09,19599845,10.186.176.76,Central Appliance 1
2000049595,SMH10,19599845,10.186.176.76,Central Appliance 1
2000127457,SMH11,19599845,10.186.176.76,Central Appliance 1
2000049610,SMH12,19599845,10.186.176.76,Central Appliance 1
2000049614,SMH13,19599845,10.186.176.76,Central Appliance 1
2000035384,SurgeryCenter1,19599847,10.186.176.76,Central Appliance 1
2000034750,SurgeryCenter2,19599847,10.186.176.76,Central Appliance 1
2000035281,SurgeryCenter3,19599847,10.186.176.76,Central Appliance 1
2000034807,TMC01,19599854,10.186.176.76,Central Appliance 1
2000020727,TMC02,19599854,10.186.176.76,Central Appliance 1
2000034735,TMC02Replaced,19599854,10.186.176.76,Central Appliance 1
2000034808,TMC03,19599854,10.186.176.76,Central Appliance 1
2000034811,TMC04,19599854,10.186.176.76,Central Appliance 1
2000034806,TMC05,19599854,10.186.176.76,Central Appliance 1
2000034733,TMC06,19599854,10.186.176.76,Central Appliance 1
2000034805,TMC07,19599854,10.186.176.76,Central Appliance 1
2000122374,TMC66,19599845,10.186.176.76,Central Appliance 1
2000083119,DHL03,19599852,10.186.176.89,Central Appliance 2
2000083447,DHL09,19599852,10.186.176.89,Central Appliance 2
2000083493,DHL10,19599852,10.186.176.89,Central Appliance 2
2000083403,DHL11,19599852,10.186.176.89,Central Appliance 2
2000083471,DHL12,19599852,10.186.176.89,Central Appliance 2
2000049804,ERMC16,19599858,10.186.176.89,Central Appliance 2
2000081785,ERMC26,19599858,10.186.176.89,Central Appliance 2
2000082158,ERMC27,19599858,10.186.176.89,Central Appliance 2
2000081764,ERMC28,19599858,10.186.176.89,Central Appliance 2
2000093102,ERMC29,19599858,10.186.176.89,Central Appliance 2
2000082367,ERMC30,19599858,10.186.176.89,Central Appliance 2
2000081786,ERMC31,19599858,10.186.176.89,Central Appliance 2
2000081792,ERMC32,19599858,10.186.176.89,Central Appliance 2
2000082194,ERMC33,19599858,10.186.176.89,Central Appliance 2
2000056630,ERMC34,19599858,10.186.176.89,Central Appliance 2
2000082538,ERMC35,19599858,10.186.176.89,Central Appliance 2
2000081793,ERMC36,19599858,10.186.176.89,Central Appliance 2
2000081782,ERMC37,19599858,10.186.176.89,Central Appliance 2
2000080475,ERMC38,19599858,10.186.176.89,Central Appliance 2
2000081761,ERMC39,19599858,10.186.176.89,Central Appliance 2
2000118449,ERMC40,19599858,10.186.176.89,Central Appliance 2
2000118670,ERMC54,19599858,10.186.176.89,Central Appliance 2
2000118508,ERMC55,19599858,10.186.176.89,Central Appliance 2
2000112486,ERMC56,19599858,10.186.176.89,Central Appliance 2
2000120107,FDR04,19599850,10.186.176.89,Central Appliance 2
2000120145,FDR05,19599850,10.186.176.89,Central Appliance 2
2000126796,MMC45,19599860,10.186.176.89,Central Appliance 2
2000120690,MMC46,19599860,10.186.176.89,Central Appliance 2
2000083462,PCCU15,19599859,10.186.176.89,Central Appliance 2
2000083881,PCCU16,19599859,10.186.176.89,Central Appliance 2
2000083872,PCCU17,19599859,10.186.176.89,Central Appliance 2
2000083891,PCCU18,19599859,10.186.176.89,Central Appliance 2
2000083791,PCCU19,19599859,10.186.176.89,Central Appliance 2
2000083853,PCCU20,19599859,10.186.176.89,Central Appliance 2
2000083766,PCCU21,19599859,10.186.176.89,Central Appliance 2
2000083793,PCCU22,19599859,10.186.176.89,Central Appliance 2
2000083828,PCCU23,19599859,10.186.176.89,Central Appliance 2
2000083852,PCCU24,19599859,10.186.176.89,Central Appliance 2
2000083804,PCCU25,19599859,10.186.176.89,Central Appliance 2
2000083770,PCCU26,19599859,10.186.176.89,Central Appliance 2
2000083884,PCCU27,19599859,10.186.176.89,Central Appliance 2
2000079141,SMH14,19599845,10.186.176.89,Central Appliance 2
2000079193,SMH15,19599845,10.186.176.89,Central Appliance 2
2000079151,SMH16,19599845,10.186.176.89,Central Appliance 2
2000079158,SMH17,19599845,10.186.176.89,Central Appliance 2
2000079149,SMH18,19599845,10.186.176.89,Central Appliance 2
2000079216,SMH19,19599845,10.186.176.89,Central Appliance 2
2000079155,SMH20,19599845,10.186.176.89,Central Appliance 2
2000079181,SMH21,19599845,10.186.176.89,Central Appliance 2
2000079144,SMH22,19599845,10.186.176.89,Central Appliance 2
2000079351,SMH23,19599845,10.186.176.89,Central Appliance 2
2000079160,SMH24,19599845,10.186.176.89,Central Appliance 2
2000127517,SMH25,19599845,10.186.176.89,Central Appliance 2
2000086784,SMH26,19599845,10.186.176.89,Central Appliance 2
2000084287,SMH27,19599845,10.186.176.89,Central Appliance 2
2000086819,SMH28,19599845,10.186.176.89,Central Appliance 2
2000093410,SMH29,19599845,10.186.176.89,Central Appliance 2
2000086551,SMH30,19599845,10.186.176.89,Central Appliance 2
2000079229,SMH31,19599845,10.186.176.89,Central Appliance 2
2000122374,TMC66,19599854,10.186.176.89,Central Appliance 2
1234567890,Atest,20288175,10.186.176.77,Pacific Appliance 1
2000034032,CHH01,19561847,10.186.176.77,Pacific Appliance 1
2000034017,CHH02,19561847,10.186.176.77,Pacific Appliance 1
2000034037,CHH03,19561847,10.186.176.77,Pacific Appliance 1
2000034092,CHH04,19561847,10.186.176.77,Pacific Appliance 1
2000034056,CHH05,19561847,10.186.176.77,Pacific Appliance 1
2000038743,CHH06,19561847,10.186.176.77,Pacific Appliance 1
2000040050,CHH07,19561847,10.186.176.77,Pacific Appliance 1
2000038697,CHH08,19561847,10.186.176.77,Pacific Appliance 1
2000038730,CHH09,19561847,10.186.176.77,Pacific Appliance 1
2000040048,CHH10,19561847,10.186.176.77,Pacific Appliance 1
2000038711,CHH11,19561847,10.186.176.77,Pacific Appliance 1
2000038713,CHH12,19561847,10.186.176.77,Pacific Appliance 1
2000032447,DSHMC01,19561845,10.186.176.77,Pacific Appliance 1
2000032441,DSHMC02,19561845,10.186.176.77,Pacific Appliance 1
2000032431,DSHMC03,19561845,10.186.176.77,Pacific Appliance 1
2000032430,DSHMC04,19561845,10.186.176.77,Pacific Appliance 1
2000032434,DSHMC05,19561845,10.186.176.77,Pacific Appliance 1
2000035241,DSHMC06,19561845,10.186.176.77,Pacific Appliance 1
2000032476,DSHMC07,19561845,10.186.176.77,Pacific Appliance 1
2000027860,DSHMC08,19561845,10.186.176.77,Pacific Appliance 1
2000026303,EMRTest1,19567847,10.186.176.77,Pacific Appliance 1
2000026226,EMRTest2,19567845,10.186.176.77,Pacific Appliance 1
2000034057,HHMC01,21522243,10.186.176.77,Pacific Appliance 1
2000034047,HHMC02,21522243,10.186.176.77,Pacific Appliance 1
2000034372,HHMC03,21522243,10.186.176.77,Pacific Appliance 1
2000034412,HHMC04,21522243,10.186.176.77,Pacific Appliance 1
2000034464,HHMC05,21522243,10.186.176.77,Pacific Appliance 1
2000049576,HHMC06,21522243,10.186.176.77,Pacific Appliance 1
2000034488,HHMC07,21522243,10.186.176.77,Pacific Appliance 1
2000034367,HHMC08,21522243,10.186.176.77,Pacific Appliance 1
2000028525,HHMC09,21522243,10.186.176.77,Pacific Appliance 1
2000114839,HHMC10,21522243,10.186.176.77,Pacific Appliance 1
2000034410,HHMC11,21522243,10.186.176.77,Pacific Appliance 1
2000090252,HHMC12,21522243,10.186.176.77,Pacific Appliance 1
2000034477,HHMC13,21522243,10.186.176.77,Pacific Appliance 1
2000045668,HHMC14,21522243,10.186.176.77,Pacific Appliance 1
2000045719,HHMC15,21522243,10.186.176.77,Pacific Appliance 1
2000045768,HHMC16,21522243,10.186.176.77,Pacific Appliance 1
2000045669,HHMC17,21522243,10.186.176.77,Pacific Appliance 1
2000045722,HHMC18,21522243,10.186.176.77,Pacific Appliance 1
2000045886,HHMC19,21522243,10.186.176.77,Pacific Appliance 1
2000045678,HHMC20,21522243,10.186.176.77,Pacific Appliance 1
2000045727,HHMC21,21522243,10.186.176.77,Pacific Appliance 1
2000045898,HHMC22,21522243,10.186.176.77,Pacific Appliance 1
2000045718,HHMC23,21522243,10.186.176.77,Pacific Appliance 1
2000081533,HHMC24,21522243,10.186.176.77,Pacific Appliance 1
2000045236,HHMC25,21522243,10.186.176.77,Pacific Appliance 1
2000046569,HHMC26,21522243,10.186.176.77,Pacific Appliance 1
2000046583,HHMC27,21522243,10.186.176.77,Pacific Appliance 1
2000046588,HHMC28,21522243,10.186.176.77,Pacific Appliance 1
2000046532,HHMC29,21522243,10.186.176.77,Pacific Appliance 1
2000046533,HHMC30,21522243,10.186.176.77,Pacific Appliance 1
2000028146,HHMC31,21522243,10.186.176.77,Pacific Appliance 1
2000034069,HHMC32,21522243,10.186.176.77,Pacific Appliance 1
2000028211,HHMC33,21522243,10.186.176.77,Pacific Appliance 1
2000034054,HHMC34,21522243,10.186.176.77,Pacific Appliance 1
2000022853,HHMC35,21522243,10.186.176.77,Pacific Appliance 1
2000034088,HHMC36,21522243,10.186.176.77,Pacific Appliance 1
2000028130,HHMC37,21522243,10.186.176.77,Pacific Appliance 1
2000028170,HHMC38,21522243,10.186.176.77,Pacific Appliance 1
2000034098,HHMC39,21522243,10.186.176.77,Pacific Appliance 1
2000034084,HHMC40,21522243,10.186.176.77,Pacific Appliance 1
2000034063,HHMC41,21522243,10.186.176.77,Pacific Appliance 1
2000082626,HHMC42,21522243,10.186.176.77,Pacific Appliance 1
2000028220,HHMC43,21522243,10.186.176.77,Pacific Appliance 1
2000034066,HHMC44,21522243,10.186.176.77,Pacific Appliance 1
2000034040,HHMC45,21522243,10.186.176.77,Pacific Appliance 1
2000082736,HHMC46,21522243,10.186.176.77,Pacific Appliance 1
2000028218,HHMC47,21522243,10.186.176.77,Pacific Appliance 1
2000034048,HHMC48,21522243,10.186.176.77,Pacific Appliance 1
2000128498,HHMC49,21522243,10.186.176.77,Pacific Appliance 1
2000034078,HHMC50,21522243,10.186.176.77,Pacific Appliance 1
2000034041,HHMC51,21522243,10.186.176.77,Pacific Appliance 1
2000028151,HHMC52,21522243,10.186.176.77,Pacific Appliance 1
2000028101,HHMC53,21522243,10.186.176.77,Pacific Appliance 1
2000034001,HHMC54,21522243,10.186.176.77,Pacific Appliance 1
2000034049,HHMC55,21522243,10.186.176.77,Pacific Appliance 1
2000034000,HHMC56,21522243,10.186.176.77,Pacific Appliance 1
2000034065,HHMC57,21522243,10.186.176.77,Pacific Appliance 1
2000034074,HHMC58,21522243,10.186.176.77,Pacific Appliance 1
2000034083,HHMC59,21522243,10.186.176.77,Pacific Appliance 1
2000015642,HHMC60,21522243,10.186.176.77,Pacific Appliance 1
2000033585,HHMC61,21522243,10.186.176.77,Pacific Appliance 1
2000028201,HHMC62,21522243,10.186.176.77,Pacific Appliance 1
2000028197,HHMC63,21522243,10.186.176.77,Pacific Appliance 1
2000089955,HHMC64,21522243,10.186.176.77,Pacific Appliance 1
2000035700,HHMC65,21522243,10.186.176.77,Pacific Appliance 1
2000039703,HHMC66,21522243,10.186.176.77,Pacific Appliance 1
2000046479,HHMC67,21522243,10.186.176.77,Pacific Appliance 1
2000046447,HHMC68,21522243,10.186.176.77,Pacific Appliance 1
2000093821,HHMC69,21522243,10.186.176.77,Pacific Appliance 1
2000079284,HHMC70,21522243,10.186.176.77,Pacific Appliance 1
2000080533,HHMC71,21522243,10.186.176.77,Pacific Appliance 1
2000080614,HHMC72,21522243,10.186.176.77,Pacific Appliance 1
2000080527,HHMC73,21522243,10.186.176.77,Pacific Appliance 1
2000080553,HHMC74,21522243,10.186.176.77,Pacific Appliance 1
2000038257,IVMC01,19567847,10.186.176.77,Pacific Appliance 1
2000038349,IVMC02,19567847,10.186.176.77,Pacific Appliance 1
2000034021,IVMC03,19567847,10.186.176.77,Pacific Appliance 1
2000034787,IVMC04,19567847,10.186.176.77,Pacific Appliance 1
2000032480,IVMC05,19567847,10.186.176.77,Pacific Appliance 1
2000034804,IVMC06,19567847,10.186.176.77,Pacific Appliance 1
2000032477,IVMC07,19567847,10.186.176.77,Pacific Appliance 1
2000034737,IVMC08,19567847,10.186.176.77,Pacific Appliance 1
2000081658,IVMC09,19567847,10.186.176.77,Pacific Appliance 1
2000034749,IVMC10,19567847,10.186.176.77,Pacific Appliance 1
2000032394,IVMC11,19567847,10.186.176.77,Pacific Appliance 1
2000032471,IVMC12,19567847,10.186.176.77,Pacific Appliance 1
2000047546,IVMC13,19567847,10.186.176.77,Pacific Appliance 1
2000085696,IVMC14,19567847,10.186.176.77,Pacific Appliance 1
2000032404,IVMC15,19567847,10.186.176.77,Pacific Appliance 1
2000065833,IVMC16,19567847,10.186.176.77,Pacific Appliance 1
2000039672,IVMC17,19567847,10.186.176.77,Pacific Appliance 1
2000057012,IVMC18,19567847,10.186.176.77,Pacific Appliance 1
2000082434,IVMC19,19567847,10.186.176.77,Pacific Appliance 1
2000034096,IVMC20,19567847,10.186.176.77,Pacific Appliance 1
2000115975,IVMC24,19567847,10.186.176.77,Pacific Appliance 1
2000028149,NNMC01,19595848,10.186.176.77,Pacific Appliance 1
2000044774,NNMC02,19595848,10.186.176.77,Pacific Appliance 1
2000028131,NNMC03,19595848,10.186.176.77,Pacific Appliance 1
2000042448,NNMC04,19595848,10.186.176.77,Pacific Appliance 1
2000042483,NNMC05,19595848,10.186.176.77,Pacific Appliance 1
2000042469,NNMC06,19595848,10.186.176.77,Pacific Appliance 1
2000041962,NNMC07,19595848,10.186.176.77,Pacific Appliance 1
2000042470,NNMC08,19595848,10.186.176.77,Pacific Appliance 1
2000042464,NNMC09,19595848,10.186.176.77,Pacific Appliance 1
2000042512,NNMC10,19595848,10.186.176.77,Pacific Appliance 1
2000042309,NNMC11,19595848,10.186.176.77,Pacific Appliance 1
2000041948,NNMC12,19595848,10.186.176.77,Pacific Appliance 1
2000042535,NNMC13,19595848,10.186.176.77,Pacific Appliance 1
2000042411,NNMC14,19595848,10.186.176.77,Pacific Appliance 1
2000042475,NNMC15,19595848,10.186.176.77,Pacific Appliance 1
2000042566,NNMC16,19595848,10.186.176.77,Pacific Appliance 1
2000042548,NNMC17,19595848,10.186.176.77,Pacific Appliance 1
2000041914,NNMC18,19595848,10.186.176.77,Pacific Appliance 1
2000042521,NNMC19,19595848,10.186.176.77,Pacific Appliance 1
2000034382,NNMC20,19595848,10.186.176.77,Pacific Appliance 1
2000047175,NNMC21,19595848,10.186.176.77,Pacific Appliance 1
2000047176,NNMC22,19595848,10.186.176.77,Pacific Appliance 1
2000047165,NNMC23,19595848,10.186.176.77,Pacific Appliance 1
2000047159,NNMC24,19595848,10.186.176.77,Pacific Appliance 1
2000047177,NNMC25,19595848,10.186.176.77,Pacific Appliance 1
2000044794,NNMC26,19595848,10.186.176.77,Pacific Appliance 1
2000050842,PRMC07,19567848,10.186.176.77,Pacific Appliance 1
2000050838,PRMC09,19567848,10.186.176.77,Pacific Appliance 1
2000050726,PRMC10,19567848,10.186.176.77,Pacific Appliance 1
2000049851,PRMC11,19567848,10.186.176.77,Pacific Appliance 1
2000049944,PRMC12,19567848,10.186.176.77,Pacific Appliance 1
2000050028,PRMC16,19567848,10.186.176.77,Pacific Appliance 1
2000050889,PRMC21,19567848,10.186.176.77,Pacific Appliance 1
2000049983,PRMC24,19567848,10.186.176.77,Pacific Appliance 1
2000049827,PRMC26,19567848,10.186.176.77,Pacific Appliance 1
2000027833,RSMC01,19567845,10.186.176.77,Pacific Appliance 1
2000128465,RSMC02,19567845,10.186.176.77,Pacific Appliance 1
2000028473,RSMC03,19567845,10.186.176.77,Pacific Appliance 1
2000028508,RSMC04,19567845,10.186.176.77,Pacific Appliance 1
2000027716,RSMC05,19567845,10.186.176.77,Pacific Appliance 1
2000119051,RSMC06,19567845,10.186.176.77,Pacific Appliance 1
2000035057,RSMC07,19567845,10.186.176.77,Pacific Appliance 1
2000115446,RSMC08,19567845,10.186.176.77,Pacific Appliance 1
2000121569,RSMC09,19567845,10.186.176.77,Pacific Appliance 1
2000028528,RSMC10,19567845,10.186.176.77,Pacific Appliance 1
2000118944,RSMC11,19567845,10.186.176.77,Pacific Appliance 1
2000035092,RSMC12,19567845,10.186.176.77,Pacific Appliance 1
2000048523,RSMC31,19567845,10.186.176.77,Pacific Appliance 1
2000049834,RSMC32,19567845,10.186.176.77,Pacific Appliance 1
2000049863,RSMC33,19567845,10.186.176.77,Pacific Appliance 1
2000049826,RSMC34,19567845,10.186.176.77,Pacific Appliance 1
2000034982,SHMC01,19559847,10.186.176.77,Pacific Appliance 1
2000034981,SHMC02,19559847,10.186.176.77,Pacific Appliance 1
2000035008,SHMC03,19559847,10.186.176.77,Pacific Appliance 1
2000034980,SHMC04,19559847,10.186.176.77,Pacific Appliance 1
2000035047,SHMC05,19559847,10.186.176.77,Pacific Appliance 1
2000035044,SHMC06,19559847,10.186.176.77,Pacific Appliance 1
2000035058,SHMC07,19559847,10.186.176.77,Pacific Appliance 1
2000035023,SHMC08,19559847,10.186.176.77,Pacific Appliance 1
2000034939,SHMC09,19559847,10.186.176.77,Pacific Appliance 1
2000035009,SHMC10,19559847,10.186.176.77,Pacific Appliance 1
2000035059,SHMC11,19559847,10.186.176.77,Pacific Appliance 1
2000035072,SHMC12,19559847,10.186.176.77,Pacific Appliance 1
2000039653,SHMC14,19559847,10.186.176.77,Pacific Appliance 1
2000039799,SHMC15,19559847,10.186.176.77,Pacific Appliance 1
2000039920,SHMC18,19559847,10.186.176.77,Pacific Appliance 1
2000034198,SVHMC01,19559845,10.186.176.77,Pacific Appliance 1
2000034119,SVHMC02,19559845,10.186.176.77,Pacific Appliance 1
2000035535,SVHMC03,19559845,10.186.176.77,Pacific Appliance 1
2000034120,SVHMC04,19559845,10.186.176.77,Pacific Appliance 1
2000034478,SVHMC05,19559845,10.186.176.77,Pacific Appliance 1
2000034416,SVHMC06,19559845,10.186.176.77,Pacific Appliance 1
2000035534,SVHMC07,19559845,10.186.176.77,Pacific Appliance 1
2000034420,SVHMC08,19559845,10.186.176.77,Pacific Appliance 1
2000034378,SVHMC09,19559845,10.186.176.77,Pacific Appliance 1
2000034162,SVHMC10,19559845,10.186.176.77,Pacific Appliance 1
2000034155,SVHMC11,19559845,10.186.176.77,Pacific Appliance 1
2000112644,CRMC01,19567849,10.186.176.75,Pacific Appliance 2
2000034732,CRMC02,19567849,10.186.176.75,Pacific Appliance 2
2000034731,CRMC03,19567849,10.186.176.75,Pacific Appliance 2
2000034784,CRMC04,19567849,10.186.176.75,Pacific Appliance 2
2000050200,CRMC05,19567849,10.186.176.75,Pacific Appliance 2
2000034695,CRMC06,19567849,10.186.176.75,Pacific Appliance 2
2000034672,CRMC07,19567849,10.186.176.75,Pacific Appliance 2
2000034700,CRMC08,19567849,10.186.176.75,Pacific Appliance 2
2000044604,CRMC09,19567849,10.186.176.75,Pacific Appliance 2
2000085496,CRMC10,19567849,10.186.176.75,Pacific Appliance 2
2000045787,CRMC11,19567849,10.186.176.75,Pacific Appliance 2
2000044835,CRMC12,19567849,10.186.176.75,Pacific Appliance 2
2000044755,CRMC13,19567849,10.186.176.75,Pacific Appliance 2
2000044662,CRMC14,19567849,10.186.176.75,Pacific Appliance 2
2000032447,DSHMC01,19561845,10.186.176.75,Pacific Appliance 2
2000047533,DSHMC09,19561845,10.186.176.75,Pacific Appliance 2
2000047538,DSHMC10,19561845,10.186.176.75,Pacific Appliance 2
2000048757,DSHMC100,19561845,10.186.176.75,Pacific Appliance 2
2000048758,DSHMC101,19561845,10.186.176.75,Pacific Appliance 2
2000048765,DSHMC102,19561845,10.186.176.75,Pacific Appliance 2
2000048778,DSHMC103,19561845,10.186.176.75,Pacific Appliance 2
2000048779,DSHMC104,19561845,10.186.176.75,Pacific Appliance 2
2000048781,DSHMC105,19561845,10.186.176.75,Pacific Appliance 2
2000048788,DSHMC106,19561845,10.186.176.75,Pacific Appliance 2
2000048791,DSHMC107,19561845,10.186.176.75,Pacific Appliance 2
2000049102,DSHMC108,19561845,10.186.176.75,Pacific Appliance 2
2000049103,DSHMC109,19561845,10.186.176.75,Pacific Appliance 2
2000047547,DSHMC11,19561845,10.186.176.75,Pacific Appliance 2
2000049104,DSHMC110,19561845,10.186.176.75,Pacific Appliance 2
2000049105,DSHMC111,19561845,10.186.176.75,Pacific Appliance 2
2000049106,DSHMC112,19561845,10.186.176.75,Pacific Appliance 2
2000047550,DSHMC12,19561845,10.186.176.75,Pacific Appliance 2
2000047551,DSHMC13,19561845,10.186.176.75,Pacific Appliance 2
2000047565,DSHMC14,19561845,10.186.176.75,Pacific Appliance 2
2000047572,DSHMC15,19561845,10.186.176.75,Pacific Appliance 2
2000047573,DSHMC16,19561845,10.186.176.75,Pacific Appliance 2
2000047575,DSHMC17,19561846,10.186.176.75,Pacific Appliance 2
2000047585,DSHMC18,19561845,10.186.176.75,Pacific Appliance 2
2000050711,DSHMC19,19561845,10.186.176.75,Pacific Appliance 2
2000047590,DSHMC20,19561845,10.186.176.75,Pacific Appliance 2
2000047595,DSHMC21,19561845,10.186.176.75,Pacific Appliance 2
2000047596,DSHMC22,19561845,10.186.176.75,Pacific Appliance 2
2000047597,DSHMC23,19561845,10.186.176.75,Pacific Appliance 2
2000047600,DSHMC24,19561845,10.186.176.75,Pacific Appliance 2
2000047633,DSHMC25,19561845,10.186.176.75,Pacific Appliance 2
2000047634,DSHMC26,19561845,10.186.176.75,Pacific Appliance 2
2000047645,DSHMC27,19561845,10.186.176.75,Pacific Appliance 2
2000049162,DSHMC28,19561845,10.186.176.75,Pacific Appliance 2
2000047651,DSHMC29,19561845,10.186.176.75,Pacific Appliance 2
2000047656,DSHMC30,19561845,10.186.176.75,Pacific Appliance 2
2000047659,DSHMC31,19561845,10.186.176.75,Pacific Appliance 2
2000047672,DSHMC32,19561845,10.186.176.75,Pacific Appliance 2
2000050811,DSHMC33,19561845,10.186.176.75,Pacific Appliance 2
2000047712,DSHMC34,19561845,10.186.176.75,Pacific Appliance 2
2000047715,DSHMC35,19561845,10.186.176.75,Pacific Appliance 2
2000047726,DSHMC36,19561845,10.186.176.75,Pacific Appliance 2
2000047729,DSHMC37,19561845,10.186.176.75,Pacific Appliance 2
2000047731,DSHMC38,19561845,10.186.176.75,Pacific Appliance 2
2000050701,DSHMC39,19561845,10.186.176.75,Pacific Appliance 2
2000047733,DSHMC40,19561845,10.186.176.75,Pacific Appliance 2
2000047736,DSHMC41,19561845,10.186.176.75,Pacific Appliance 2
2000047737,DSHMC42,19561846,10.186.176.75,Pacific Appliance 2
2000047743,DSHMC43,19561845,10.186.176.75,Pacific Appliance 2
2000047746,DSHMC44,19561845,10.186.176.75,Pacific Appliance 2
2000047760,DSHMC45,19561845,10.186.176.75,Pacific Appliance 2
2000050753,DSHMC46,19561845,10.186.176.75,Pacific Appliance 2
2000047774,DSHMC47,19561845,10.186.176.75,Pacific Appliance 2
2000047776,DSHMC48,19561845,10.186.176.75,Pacific Appliance 2
2000047793,DSHMC49,19561845,10.186.176.75,Pacific Appliance 2
2000048098,DSHMC50,19561845,10.186.176.75,Pacific Appliance 2
2000048099,DSHMC51,19561845,10.186.176.75,Pacific Appliance 2
2000138092,DSHMC52,19561845,10.186.176.75,Pacific Appliance 2
2000048433,DSHMC53,19561845,10.186.176.75,Pacific Appliance 2
2000048437,DSHMC54,19561845,10.186.176.75,Pacific Appliance 2
2000048438,DSHMC55,19561845,10.186.176.75,Pacific Appliance 2
2000048442,DSHMC56,19561845,10.186.176.75,Pacific Appliance 2
2000048445,DSHMC57,19561845,10.186.176.75,Pacific Appliance 2
2000048447,DSHMC58,19561845,10.186.176.75,Pacific Appliance 2
2000048448,DSHMC59,19561845,10.186.176.75,Pacific Appliance 2
2000089717,DSHMC60,19561845,10.186.176.75,Pacific Appliance 2
2000048451,DSHMC61,19561845,10.186.176.75,Pacific Appliance 2
2000048453,DSHMC62,19561845,10.186.176.75,Pacific Appliance 2
2000048454,DSHMC63,19561845,10.186.176.75,Pacific Appliance 2
2000084963,DSHMC64,19561845,10.186.176.75,Pacific Appliance 2
2000048456,DSHMC65,19561845,10.186.176.75,Pacific Appliance 2
2000048458,DSHMC66,19561845,10.186.176.75,Pacific Appliance 2
2000048459,DSHMC67,19561845,10.186.176.75,Pacific Appliance 2
2000062348,DSHMC68,19561845,10.186.176.75,Pacific Appliance 2
2000048461,DSHMC69,19561845,10.186.176.75,Pacific Appliance 2
2000048464,DSHMC70,19561845,10.186.176.75,Pacific Appliance 2
2000048465,DSHMC71,19561845,10.186.176.75,Pacific Appliance 2
2000048467,DSHMC72,19561845,10.186.176.75,Pacific Appliance 2
2000048468,DSHMC73,19561846,10.186.176.75,Pacific Appliance 2
2000048475,DSHMC74,19561845,10.186.176.75,Pacific Appliance 2
2000048477,DSHMC75,19561845,10.186.176.75,Pacific Appliance 2
2000089685,DSHMC76,19561845,10.186.176.75,Pacific Appliance 2
2000048491,DSHMC77,19561845,10.186.176.75,Pacific Appliance 2
2000048493,DSHMC78,19561845,10.186.176.75,Pacific Appliance 2
2000048494,DSHMC79,19561845,10.186.176.75,Pacific Appliance 2
2000048496,DSHMC80,19561845,10.186.176.75,Pacific Appliance 2
2000048497,DSHMC81,19561845,10.186.176.75,Pacific Appliance 2
2000048498,DSHMC82,19561845,10.186.176.75,Pacific Appliance 2
2000048502,DSHMC83,19561845,10.186.176.75,Pacific Appliance 2
2000048503,DSHMC84,19561845,10.186.176.75,Pacific Appliance 2
2000048504,DSHMC85,19561846,10.186.176.75,Pacific Appliance 2
2000048506,DSHMC86,19561845,10.186.176.75,Pacific Appliance 2
2000048507,DSHMC87,19561845,10.186.176.75,Pacific Appliance 2
2000048510,DSHMC88,19561845,10.186.176.75,Pacific Appliance 2
2000048524,DSHMC89,19561845,10.186.176.75,Pacific Appliance 2
2000048529,DSHMC90,19561845,10.186.176.75,Pacific Appliance 2
2000048532,DSHMC91,19561845,10.186.176.75,Pacific Appliance 2
2000048533,DSHMC92,19561845,10.186.176.75,Pacific Appliance 2
2000048536,DSHMC93,19561845,10.186.176.75,Pacific Appliance 2
2000048553,DSHMC94,19561845,10.186.176.75,Pacific Appliance 2
2000048564,DSHMC95,19561845,10.186.176.75,Pacific Appliance 2
2000048565,DSHMC96,19561845,10.186.176.75,Pacific Appliance 2
2000135108,DSHMC97,19561845,10.186.176.75,Pacific Appliance 2
2000048576,DSHMC98,19561845,10.186.176.75,Pacific Appliance 2
2000048598,DSHMC99,19561845,10.186.176.75,Pacific Appliance 2
2000047676,IVMC21,19567847,10.186.176.75,Pacific Appliance 2
2000047587,IVMC22,19567847,10.186.176.75,Pacific Appliance 2
2000048777,IVMC23,19567847,10.186.176.75,Pacific Appliance 2
2000047685,IVMC24,19567847,10.186.176.75,Pacific Appliance 2
2000048473,IVMC25,19567847,10.186.176.75,Pacific Appliance 2
2000048776,IVMC26,19567847,10.186.176.75,Pacific Appliance 2
2000047678,IVMC27,19567847,10.186.176.75,Pacific Appliance 2
2000048441,IVMC28,19567847,10.186.176.75,Pacific Appliance 2
2000047684,IVMC29,19567847,10.186.176.75,Pacific Appliance 2
2000048686,IVMC30,19567847,10.186.176.75,Pacific Appliance 2
2000048599,IVMC31,19567847,10.186.176.75,Pacific Appliance 2
2000050723,IVMC32,19567847,10.186.176.75,Pacific Appliance 2
2000050830,IVMC33,19567847,10.186.176.75,Pacific Appliance 2
2000037349,IVMC34,19567847,10.186.176.75,Pacific Appliance 2
2000046988,IVMC35,19567847,10.186.176.75,Pacific Appliance 2
2000047029,IVMC36,19567847,10.186.176.75,Pacific Appliance 2
2000055769,IVMC37,19567847,10.186.176.75,Pacific Appliance 2
2000034708,PRMC01,19567848,10.186.176.75,Pacific Appliance 2
2000034710,PRMC02,19567848,10.186.176.75,Pacific Appliance 2
2000034790,PRMC03,19567848,10.186.176.75,Pacific Appliance 2
2000034688,PRMC04,19567848,10.186.176.75,Pacific Appliance 2
2000034783,PRMC05,19567848,10.186.176.75,Pacific Appliance 2
2000127850,RSMC13,19567845,10.186.176.75,Pacific Appliance 2
2000048444,RSMC14,19567845,10.186.176.75,Pacific Appliance 2
2000046104,RSMC15,19567845,10.186.176.75,Pacific Appliance 2
2000048596,RSMC16,19567845,10.186.176.75,Pacific Appliance 2
2000048525,RSMC17,19567845,10.186.176.75,Pacific Appliance 2
2000048526,RSMC18,19567845,10.186.176.75,Pacific Appliance 2
2000048518,RSMC19,19567845,10.186.176.75,Pacific Appliance 2
2000048773,RSMC20,19567845,10.186.176.75,Pacific Appliance 2
2000048771,RSMC21,19567845,10.186.176.75,Pacific Appliance 2
2000042532,RSMC22,19567845,10.186.176.75,Pacific Appliance 2
2000042560,RSMC23,19567845,10.186.176.75,Pacific Appliance 2
2000042601,RSMC24,19567845,10.186.176.75,Pacific Appliance 2
2000042091,RSMC25,19567845,10.186.176.75,Pacific Appliance 2
2000046553,RSMC26,19567845,10.186.176.75,Pacific Appliance 2
2000041918,RSMC27,19567845,10.186.176.75,Pacific Appliance 2
2000045690,RSMC28,19567845,10.186.176.75,Pacific Appliance 2
2000045634,RSMC29,19567845,10.186.176.75,Pacific Appliance 2
2000048482,RSMC30,19567845,10.186.176.75,Pacific Appliance 2
2000048523,RSMC31,19567845,10.186.176.75,Pacific Appliance 2
2000081791,RSMC35,19567845,10.186.176.75,Pacific Appliance 2
2000081767,RSMC36,19567845,10.186.176.75,Pacific Appliance 2
2000082496,RSMC37,19567845,10.186.176.75,Pacific Appliance 2
2000082524,RSMC38,19567845,10.186.176.75,Pacific Appliance 2
2000082692,RSMC39,19567845,10.186.176.75,Pacific Appliance 2
2000081731,RSMC40,19567845,10.186.176.75,Pacific Appliance 2
2000034746,VHMC01,19559846,10.186.176.75,Pacific Appliance 2
2000034490,VHMC02,19559846,10.186.176.75,Pacific Appliance 2
2000034885,VHMC03,19559846,10.186.176.75,Pacific Appliance 2
2000034415,VHMC04,19559846,10.186.176.75,Pacific Appliance 2
2000038707,VHMC05,19559846,10.186.176.75,Pacific Appliance 2
2000034498,VHMC06,19559846,10.186.176.75,Pacific Appliance 2
2000034487,VHMC07,19559846,10.186.176.75,Pacific Appliance 2
2000034371,VHMC08,19559846,10.186.176.75,Pacific Appliance 2
2000034351,VHMC09,19559846,10.186.176.75,Pacific Appliance 2
2000034414,VHMC10,19559846,10.186.176.75,Pacific Appliance 2
2000034356,VHMC11,19559846,10.186.176.75,Pacific Appliance 2
2000034359,VHMC12,19559846,10.186.176.75,Pacific Appliance 2
2000034393,VHMC13,19559846,10.186.176.75,Pacific Appliance 2
2000035530,VHMC14,19559846,10.186.176.75,Pacific Appliance 2
2000034147,VHMC15,19559846,10.186.176.75,Pacific Appliance 2
2000034369,VHMC16,19559846,10.186.176.75,Pacific Appliance 2
2000034486,VHMC17,19559846,10.186.176.75,Pacific Appliance 2
2000034352,VHMC18,19559846,10.186.176.75,Pacific Appliance 2
2000034496,VHMC19,19559846,10.186.176.75,Pacific Appliance 2
2000085661,VHMC20,19559846,10.186.176.75,Pacific Appliance 2
2000034483,VHMC21,19559846,10.186.176.75,Pacific Appliance 2
2000034419,VHMC22,19559846,10.186.176.75,Pacific Appliance 2
2000035540,VHMC23,19559846,10.186.176.75,Pacific Appliance 2
2000035425,VHMC24,19559846,10.186.176.75,Pacific Appliance 2
2000040061,VHMC25,19559846,10.186.176.75,Pacific Appliance 2
2000034370,VHMC26,19559846,10.186.176.75,Pacific Appliance 2
2000034497,VHMC27,19559846,10.186.176.75,Pacific Appliance 2
2000085763,VHMC28,19559846,10.186.176.75,Pacific Appliance 2
2000034398,VHMC29,19559846,10.186.176.75,Pacific Appliance 2
2000034396,VHMC30,19559846,10.186.176.75,Pacific Appliance 2
2000063339,VHMC35,19559846,10.186.176.75,Pacific Appliance 2
2000063193,VHMC41,19559846,10.186.176.75,Pacific Appliance 2
2000049501,CHH13,19561847,10.186.176.88,Pacific Appliance 3
2000049535,CHH14,19561847,10.186.176.88,Pacific Appliance 3
2000049556,CHH15,19561847,10.186.176.88,Pacific Appliance 3
2000049550,CHH16,19561847,10.186.176.88,Pacific Appliance 3
2000049586,CHH17,19561847,10.186.176.88,Pacific Appliance 3
2000082684,CHH18,19561847,10.186.176.88,Pacific Appliance 3
2000049521,CHH19,19561847,10.186.176.88,Pacific Appliance 3
2000049536,CHH20,19561847,10.186.176.88,Pacific Appliance 3
2000049495,CHH21,19561847,10.186.176.88,Pacific Appliance 3
2000049585,CHH22,19561847,10.186.176.88,Pacific Appliance 3
2000049560,CHH23,19561847,10.186.176.88,Pacific Appliance 3
2000049569,CHH24,19561847,10.186.176.88,Pacific Appliance 3
2000049509,CHH25,19561847,10.186.176.88,Pacific Appliance 3
2000049517,CHH26,19561847,10.186.176.88,Pacific Appliance 3
2000049537,CHH27,19561847,10.186.176.88,Pacific Appliance 3
2000049526,CHH28,19561847,10.186.176.88,Pacific Appliance 3
2000049597,CHH29,19561847,10.186.176.88,Pacific Appliance 3
2000049578,CHH30,19561847,10.186.176.88,Pacific Appliance 3
2000049492,CHH31,19561847,10.186.176.88,Pacific Appliance 3
2000049555,CHH32,19561847,10.186.176.88,Pacific Appliance 3
2000081788,CHH33,19561847,10.186.176.88,Pacific Appliance 3
2000081765,CHH34,19561847,10.186.176.88,Pacific Appliance 3
2000082480,CHH35,19561847,10.186.176.88,Pacific Appliance 3
2000081770,CHH36,19561847,10.186.176.88,Pacific Appliance 3
2000092998,CHH37,19561847,10.186.176.88,Pacific Appliance 3
2000091892,CHH38,19561847,10.186.176.88,Pacific Appliance 3
2000093069,CHH39,19561847,10.186.176.88,Pacific Appliance 3
2000093071,CHH40,19561847,10.186.176.88,Pacific Appliance 3
2000091890,CHH41,19561847,10.186.176.88,Pacific Appliance 3
2000113981,CHH42,19561847,10.186.176.88,Pacific Appliance 3
2000091698,CHH43,19561847,10.186.176.88,Pacific Appliance 3
2000082536,CHH44,19561847,10.186.176.88,Pacific Appliance 3
2000093075,CHH45,19561847,10.186.176.88,Pacific Appliance 3
2000093064,CHH46,19561847,10.186.176.88,Pacific Appliance 3
2000093065,CHH47,19561847,10.186.176.88,Pacific Appliance 3
2000081635,CHH48,19561847,10.186.176.88,Pacific Appliance 3
2000082503,CHH49,19561847,10.186.176.88,Pacific Appliance 3
2000082657,CHH50,19561847,10.186.176.88,Pacific Appliance 3
2000091585,CHH51,19561847,10.186.176.88,Pacific Appliance 3
2000081784,CHH52,19561847,10.186.176.88,Pacific Appliance 3
2000082702,CHH53,19561847,10.186.176.88,Pacific Appliance 3
2000093002,CHH54,19561847,10.186.176.88,Pacific Appliance 3
2000091740,CHH55,19561847,10.186.176.88,Pacific Appliance 3
2000093073,CHH56,19561847,10.186.176.88,Pacific Appliance 3
2000082646,CHH57,19561847,10.186.176.88,Pacific Appliance 3
2000093067,CHH58,19561847,10.186.176.88,Pacific Appliance 3
2000093060,CHH59,19561847,10.186.176.88,Pacific Appliance 3
2000081682,CHH60,19561847,10.186.176.88,Pacific Appliance 3
2000082521,CHH61,19561847,10.186.176.88,Pacific Appliance 3
2000081757,CHH62,19561847,10.186.176.88,Pacific Appliance 3
2000081787,CHH63,19561847,10.186.176.88,Pacific Appliance 3
2000093066,CHH64,19561847,10.186.176.88,Pacific Appliance 3
2000091859,CHH65,19561847,10.186.176.88,Pacific Appliance 3
2000081763,CHH66,19561847,10.186.176.88,Pacific Appliance 3
2000082437,CHH67,19561847,10.186.176.88,Pacific Appliance 3
2000087002,CHH68,19561847,10.186.176.88,Pacific Appliance 3
2000082670,CHH69,19561847,10.186.176.88,Pacific Appliance 3
2000081643,CHH70,19561847,10.186.176.88,Pacific Appliance 3
2000081621,CHH71,19561847,10.186.176.88,Pacific Appliance 3
2000081766,CHH72,19561847,10.186.176.88,Pacific Appliance 3
2000093074,CHH73,19561847,10.186.176.88,Pacific Appliance 3
2000081768,CHH74,19561847,10.186.176.88,Pacific Appliance 3
2000119365,CHH75,19561847,10.186.176.88,Pacific Appliance 3
2000081802,CHH76,19561847,10.186.176.88,Pacific Appliance 3
2000088532,CHH77,19561847,10.186.176.88,Pacific Appliance 3
2000076519,CHH78,19561847,10.186.176.88,Pacific Appliance 3
2000082762,CRMC15,19567849,10.186.176.88,Pacific Appliance 3
2000087361,CRMC16,19567849,10.186.176.88,Pacific Appliance 3
2000082728,CRMC17,19567849,10.186.176.88,Pacific Appliance 3
2000090383,CRMC18,19567849,10.186.176.88,Pacific Appliance 3
2000090135,CRMC19,19567849,10.186.176.88,Pacific Appliance 3
2000082729,CRMC20,19567849,10.186.176.88,Pacific Appliance 3
2000112764,CRMC21,19567849,10.186.176.88,Pacific Appliance 3
2000112781,CRMC22,19567849,10.186.176.88,Pacific Appliance 3
2000112501,CRMC23,19567849,10.186.176.88,Pacific Appliance 3
2000112717,CRMC24,19567849,10.186.176.88,Pacific Appliance 3
2000112798,CRMC25,19567849,10.186.176.88,Pacific Appliance 3
2000112775,CRMC26,19567849,10.186.176.88,Pacific Appliance 3
2000112779,CRMC27,19567849,10.186.176.88,Pacific Appliance 3
2000112740,CRMC28,19567849,10.186.176.88,Pacific Appliance 3
2000112413,CRMC29,19567849,10.186.176.88,Pacific Appliance 3
2000112491,CRMC30,19567849,10.186.176.88,Pacific Appliance 3
2000112712,CRMC31,19567849,10.186.176.88,Pacific Appliance 3
2000112440,CRMC32,19567849,10.186.176.88,Pacific Appliance 3
2000112756,CRMC33,19567849,10.186.176.88,Pacific Appliance 3
2000112528,CRMC34,19567849,10.186.176.88,Pacific Appliance 3
2000112754,CRMC35,19567849,10.186.176.88,Pacific Appliance 3
2000112441,CRMC36,19567849,10.186.176.88,Pacific Appliance 3
2000112503,CRMC37,19567849,10.186.176.88,Pacific Appliance 3
2000112698,CRMC38,19567849,10.186.176.88,Pacific Appliance 3
2000112758,CRMC39,19567849,10.186.176.88,Pacific Appliance 3
2000112767,CRMC40,19567849,10.186.176.88,Pacific Appliance 3
2000112697,CRMC41,19567849,10.186.176.88,Pacific Appliance 3
2000112495,CRMC42,19567849,10.186.176.88,Pacific Appliance 3
2000112438,CRMC43,19567849,10.186.176.88,Pacific Appliance 3
2000112502,CRMC44,19567849,10.186.176.88,Pacific Appliance 3
2000049144,NNMC27,19595848,10.186.176.88,Pacific Appliance 3
2000041962,NNMC28,19595848,10.186.176.88,Pacific Appliance 3
2000046351,NNMC29,19595848,10.186.176.88,Pacific Appliance 3
2000080567,NNMC30,19595848,10.186.176.88,Pacific Appliance 3
2000080591,NNMC31,19595848,10.186.176.88,Pacific Appliance 3
2000080605,NNMC32,19595848,10.186.176.88,Pacific Appliance 3
2000080561,NNMC33,19595848,10.186.176.88,Pacific Appliance 3
2000080559,NNMC34,19595848,10.186.176.88,Pacific Appliance 3
2000082929,NNMC35,19595849,10.186.176.88,Pacific Appliance 3
2000083096,NNMC36,19595849,10.186.176.88,Pacific Appliance 3
2000083381,NNMC37,19595848,10.186.176.88,Pacific Appliance 3
2000083341,NNMC38,19595848,10.186.176.88,Pacific Appliance 3
2000057701,PRMC06,19567848,10.186.176.88,Pacific Appliance 3
2000050842,PRMC07,19567848,10.186.176.88,Pacific Appliance 3
2000050789,PRMC08,19567848,10.186.176.88,Pacific Appliance 3
2000050838,PRMC09,19567848,10.186.176.88,Pacific Appliance 3
2000050726,PRMC10,19567848,10.186.176.88,Pacific Appliance 3
2000049851,PRMC11,19567848,10.186.176.88,Pacific Appliance 3
2000049944,PRMC12,19567848,10.186.176.88,Pacific Appliance 3
2000050834,PRMC13,19567848,10.186.176.88,Pacific Appliance 3
2000050724,PRMC14,19567848,10.186.176.88,Pacific Appliance 3
2000047711,PRMC15,19559846,10.186.176.88,Pacific Appliance 3
2000050028,PRMC16,19567848,10.186.176.88,Pacific Appliance 3
2000050826,PRMC17,19567848,10.186.176.88,Pacific Appliance 3
2000050915,PRMC18,19567848,10.186.176.88,Pacific Appliance 3
2000050033,PRMC19,19567848,10.186.176.88,Pacific Appliance 3
2000050896,PRMC20,19567848,10.186.176.88,Pacific Appliance 3
2000050889,PRMC21,19567848,10.186.176.88,Pacific Appliance 3
2000050689,PRMC22,19567848,10.186.176.88,Pacific Appliance 3
2000049943,PRMC23,19567848,10.186.176.88,Pacific Appliance 3
2000049983,PRMC24,19567848,10.186.176.88,Pacific Appliance 3
2000050837,PRMC25,19567848,10.186.176.88,Pacific Appliance 3
2000049827,PRMC26,19567848,10.186.176.88,Pacific Appliance 3
2000049902,PRMC27,19567848,10.186.176.88,Pacific Appliance 3
2000050845,PRMC28,19567848,10.186.176.88,Pacific Appliance 3
2000049901,PRMC29,19567848,10.186.176.88,Pacific Appliance 3
2000064599,PRMC30,19567848,10.186.176.88,Pacific Appliance 3
2000064456,PRMC31,19567848,10.186.176.88,Pacific Appliance 3
2000120236,PRMC32,19567848,10.186.176.88,Pacific Appliance 3
2000064424,PRMC33,19567848,10.186.176.88,Pacific Appliance 3
2000047700,SVHMC12,19559845,10.186.176.88,Pacific Appliance 3
2000047693,SVHMC13,19559845,10.186.176.88,Pacific Appliance 3
2000048597,SVHMC14,19559845,10.186.176.88,Pacific Appliance 3
2000048495,SVHMC16,19559845,10.186.176.88,Pacific Appliance 3
2000047773,SVHMC17,19559845,10.186.176.88,Pacific Appliance 3
2000047523,SVHMC18,19559845,10.186.176.88,Pacific Appliance 3
2000047619,SVHMC19,19559845,10.186.176.88,Pacific Appliance 3
2000047679,SVHMC20,19559845,10.186.176.88,Pacific Appliance 3
2000091749,SVHMC21,19559845,10.186.176.88,Pacific Appliance 3
2000047759,SVHMC22,19559845,10.186.176.88,Pacific Appliance 3
2000047683,SVHMC23,19559845,10.186.176.88,Pacific Appliance 3
2000046376,TVH02,20288175,10.186.176.88,Pacific Appliance 3
2000039914,TVH03,20288175,10.186.176.88,Pacific Appliance 3
2000013763,TVH04,20288175,10.186.176.88,Pacific Appliance 3
2000084976,TVH05,20288175,10.186.176.88,Pacific Appliance 3
2000114260,TVH06,20288175,10.186.176.88,Pacific Appliance 3
2000076668,TVH07,20288175,10.186.176.88,Pacific Appliance 3
2000061872,TVH08,20288175,10.186.176.88,Pacific Appliance 3
2000038666,TVH09,20288175,10.186.176.88,Pacific Appliance 3
2000076645,TVH10,20288175,10.186.176.88,Pacific Appliance 3
2000076484,TVH11,20288175,10.186.176.88,Pacific Appliance 3
2000082635,TVH12,20288175,10.186.176.88,Pacific Appliance 3
2000041837,TVH13,20288175,10.186.176.88,Pacific Appliance 3
2000087284,TVH14,20288175,10.186.176.88,Pacific Appliance 3
2000137027,TVH15,20288175,10.186.176.88,Pacific Appliance 3
2000037253,TVH16,20288175,10.186.176.88,Pacific Appliance 3
2000121055,TVH17,20288175,10.186.176.88,Pacific Appliance 3
2000037266,TVH18,20288175,10.186.176.88,Pacific Appliance 3
2000022517,TVH19,20288175,10.186.176.88,Pacific Appliance 3
2000065548,VHMC31,19559846,10.186.176.88,Pacific Appliance 3
2000063390,VHMC32,19559846,10.186.176.88,Pacific Appliance 3
2000065558,VHMC33,19559846,10.186.176.88,Pacific Appliance 3
2000063400,VHMC34,19559846,10.186.176.88,Pacific Appliance 3
2000063339,VHMC35,19559846,10.186.176.88,Pacific Appliance 3
2000063360,VHMC36,19559846,10.186.176.88,Pacific Appliance 3
2000063393,VHMC37,19559846,10.186.176.88,Pacific Appliance 3
2000063384,VHMC38,19559846,10.186.176.88,Pacific Appliance 3
2000065778,VHMC39,19559846,10.186.176.88,Pacific Appliance 3
2000063368,VHMC40,19559846,10.186.176.88,Pacific Appliance 3
2000063193,VHMC41,19559846,10.186.176.88,Pacific Appliance 3
2000065455,VHMC42,19559846,10.186.176.88,Pacific Appliance 3
2000063398,VHMC43,19559846,10.186.176.88,Pacific Appliance 3
2000063208,VHMC44,19559846,10.186.176.88,Pacific Appliance 3
2000065789,VHMC45,19559846,10.186.176.88,Pacific Appliance 3
2000063284,VHMC46,19559846,10.186.176.88,Pacific Appliance 3
2000065722,VHMC47,19559846,10.186.176.88,Pacific Appliance 3
2000063332,VHMC48,19559846,10.186.176.88,Pacific Appliance 3
2000065443,VHMC49,19559846,10.186.176.88,Pacific Appliance 3
2000065493,VHMC50,19559846,10.186.176.88,Pacific Appliance 3
2000063181,VHMC51,19559846,10.186.176.88,Pacific Appliance 3
2000063097,VHMC52,19559846,10.186.176.88,Pacific Appliance 3
2000065547,VHMC53,19559846,10.186.176.88,Pacific Appliance 3
2000063345,VHMC54,19559846,10.186.176.88,Pacific Appliance 3
2000063075,VHMC55,19559846,10.186.176.88,Pacific Appliance 3
2000065226,VHMC56,19559846,10.186.176.88,Pacific Appliance 3
2000065628,VHMC57,19559846,10.186.176.88,Pacific Appliance 3
2000065622,VHMC58,19559846,10.186.176.88,Pacific Appliance 3
2000063275,VHMC59,19559846,10.186.176.88,Pacific Appliance 3
2000064415,VHMC60,19559846,10.186.176.88,Pacific Appliance 3
2000064426,VHMC61,19559846,10.186.176.88,Pacific Appliance 3
2000064449,VHMC62,19559846,10.186.176.88,Pacific Appliance 3
2000064542,VHMC63,19559846,10.186.176.88,Pacific Appliance 3
2000129629,UHSPacificProd4,CHH80,10.186.176.91,Pacific Appliance 4
2000125659,UHSPacificProd4,CHH81,10.186.176.91,Pacific Appliance 4
2000129559,UHSPacificProd4,CHH82,10.186.176.91,Pacific Appliance 4
2000130245,19567845,CRMC45,10.186.176.91,Pacific Appliance 4
2000130276,19567845,CRMC46,10.186.176.91,Pacific Appliance 4
2000130270,19567845,CRMC47,10.186.176.91,Pacific Appliance 4
2000130360,19567845,CRMC48,10.186.176.91,Pacific Appliance 4
2000130152,19567845,CRMC49,10.186.176.91,Pacific Appliance 4
2000130390,19567845,CRMC50,10.186.176.91,Pacific Appliance 4
2000130260,19567845,CRMC51,10.186.176.91,Pacific Appliance 4
2000115265,21522243,hhmc100,10.186.176.91,Pacific Appliance 4
2000117724,21522243,hhmc101,10.186.176.91,Pacific Appliance 4
2000117720,21522243,hhmc102,10.186.176.91,Pacific Appliance 4
2000117405,21522243,hhmc103,10.186.176.91,Pacific Appliance 4
2000117474,21522243,hhmc104,10.186.176.91,Pacific Appliance 4
2000117408,21522243,hhmc105,10.186.176.91,Pacific Appliance 4
2000115019,21522243,HHMC106,10.186.176.91,Pacific Appliance 4
2000115375,21522243,HHMC107,10.186.176.91,Pacific Appliance 4
2000114978,21522243,HHMC108,10.186.176.91,Pacific Appliance 4
2000115107,21522243,HHMC109,10.186.176.91,Pacific Appliance 4
2000114983,21522243,HHMC110,10.186.176.91,Pacific Appliance 4
2000115119,21522243,HHMC111,10.186.176.91,Pacific Appliance 4
2000115018,21522243,HHMC112,10.186.176.91,Pacific Appliance 4
2000115025,21522243,HHMC113,10.186.176.91,Pacific Appliance 4
2000115181,21522243,HHMC114,10.186.176.91,Pacific Appliance 4
2000115096,21522243,HHMC115,10.186.176.91,Pacific Appliance 4
2000115097,21522243,HHMC116,10.186.176.91,Pacific Appliance 4
2000115011,21522243,HHMC117,10.186.176.91,Pacific Appliance 4
2000115046,21522243,HHMC118,10.186.176.91,Pacific Appliance 4
2000115116,21522243,HHMC119,10.186.176.91,Pacific Appliance 4
2000115053,21522243,HHMC120,10.186.176.91,Pacific Appliance 4
2000115111,21522243,HHMC121,10.186.176.91,Pacific Appliance 4
2000115017,21522243,HHMC122,10.186.176.91,Pacific Appliance 4
2000115374,21522243,HHMC123,10.186.176.91,Pacific Appliance 4
2000089955,21522243,HHMC64,10.186.176.91,Pacific Appliance 4
2000115052,21522243,hhmc75,10.186.176.91,Pacific Appliance 4
2000115177,21522243,hhmc76,10.186.176.91,Pacific Appliance 4
2000114999,21522243,hhmc77,10.186.176.91,Pacific Appliance 4
2000115021,21522243,hhmc78,10.186.176.91,Pacific Appliance 4
2000115024,21522243,hhmc79,10.186.176.91,Pacific Appliance 4
2000115310,21522243,hhmc80,10.186.176.91,Pacific Appliance 4
2000115188,21522243,hhmc81,10.186.176.91,Pacific Appliance 4
2000115020,21522243,hhmc82,10.186.176.91,Pacific Appliance 4
2000064597,21522243,hhmc83,10.186.176.91,Pacific Appliance 4
2000115106,21522243,hhmc84,10.186.176.91,Pacific Appliance 4
2000115063,21522243,hhmc85,10.186.176.91,Pacific Appliance 4
2000115022,21522243,hhmc86,10.186.176.91,Pacific Appliance 4
2000114996,21522243,hhmc87,10.186.176.91,Pacific Appliance 4
2000115098,21522243,hhmc88,10.186.176.91,Pacific Appliance 4
2000115023,21522243,hhmc89,10.186.176.91,Pacific Appliance 4
2000115002,21522243,hhmc90,10.186.176.91,Pacific Appliance 4
2000115041,21522243,hhmc91,10.186.176.91,Pacific Appliance 4
2000114979,21522243,hhmc92,10.186.176.91,Pacific Appliance 4
2000115124,21522243,hhmc93,10.186.176.91,Pacific Appliance 4
2000115110,21522243,hhmc94,10.186.176.91,Pacific Appliance 4
2000115016,21522243,hhmc95,10.186.176.91,Pacific Appliance 4
2000115038,21522243,hhmc96,10.186.176.91,Pacific Appliance 4
2000115307,21522243,hhmc97,10.186.176.91,Pacific Appliance 4
2000114974,21522243,hhmc98,10.186.176.91,Pacific Appliance 4
2000115015,21522243,hhmc99,10.186.176.91,Pacific Appliance 4
2000123373,19567847,IVMC38,10.186.176.91,Pacific Appliance 4
2000123227,19567847,IVMC39,10.186.176.91,Pacific Appliance 4
2000123228,19567847,IVMC40,10.186.176.91,Pacific Appliance 4
2000123219,19567847,IVMC41,10.186.176.91,Pacific Appliance 4
2000123332,19567847,IVMC42,10.186.176.91,Pacific Appliance 4
2000123299,19567847,IVMC43,10.186.176.91,Pacific Appliance 4
2000123364,19567847,IVMC44,10.186.176.91,Pacific Appliance 4
2000128324,19567847,IVMC45,10.186.176.91,Pacific Appliance 4
2000128970,19567847,IVMC46,10.186.176.91,Pacific Appliance 4
2000126366,19567847,IVMC47,10.186.176.91,Pacific Appliance 4
2000128341,19567847,IVMC48,10.186.176.91,Pacific Appliance 4
2000128998,19567847,IVMC49,10.186.176.91,Pacific Appliance 4
2000128300,19567847,IVMC50,10.186.176.91,Pacific Appliance 4
2000123428,19567847,IVMC51,10.186.176.91,Pacific Appliance 4
2000124902,19567847,IVMC52,10.186.176.91,Pacific Appliance 4
2000128912,19567847,IVMC53,10.186.176.91,Pacific Appliance 4
2000124968,19567847,IVMC54,10.186.176.91,Pacific Appliance 4
2000124893,22065658,NNS01,10.186.176.91,Pacific Appliance 4
2000118260,19567845,RSMC41,10.186.176.91,Pacific Appliance 4
2000094582,19567845,RSMC42,10.186.176.91,Pacific Appliance 4
2000118307,19567845,RSMC43,10.186.176.91,Pacific Appliance 4
2000117553,19567845,RSMC44,10.186.176.91,Pacific Appliance 4
2000117595,19567845,RSMC45,10.186.176.91,Pacific Appliance 4
2000118954,19559845,SVHMC100,10.186.176.91,Pacific Appliance 4
2000118980,19559845,SVHMC101,10.186.176.91,Pacific Appliance 4
2000118997,19559845,SVHMC102,10.186.176.91,Pacific Appliance 4
2000119025,19559845,SVHMC103,10.186.176.91,Pacific Appliance 4
2000119052,19559845,SVHMC104,10.186.176.91,Pacific Appliance 4
2000119073,19559845,SVHMC105,10.186.176.91,Pacific Appliance 4
2000119081,19559845,SVHMC106,10.186.176.91,Pacific Appliance 4
2000119129,19559845,SVHMC107,10.186.176.91,Pacific Appliance 4
2000119136,19559845,SVHMC108,10.186.176.91,Pacific Appliance 4
2000119214,19559845,SVHMC109,10.186.176.91,Pacific Appliance 4
2000119224,19559845,SVHMC110,10.186.176.91,Pacific Appliance 4
2000119263,19559845,SVHMC111,10.186.176.91,Pacific Appliance 4
2000119265,19559845,SVHMC112,10.186.176.91,Pacific Appliance 4
2000119268,19559845,SVHMC113,10.186.176.91,Pacific Appliance 4
2000119284,19559845,SVHMC114,10.186.176.91,Pacific Appliance 4
2000129017,19559845,SVHMC115,10.186.176.91,Pacific Appliance 4
2000129042,19559845,SVHMC116,10.186.176.91,Pacific Appliance 4
2000129047,19559845,SVHMC117,10.186.176.91,Pacific Appliance 4
2000129073,19559845,SVHMC118,10.186.176.91,Pacific Appliance 4
2000129075,19559845,SVHMC119,10.186.176.91,Pacific Appliance 4
2000129079,19559845,SVHMC120,10.186.176.91,Pacific Appliance 4
2000129085,19559845,SVHMC121,10.186.176.91,Pacific Appliance 4
2000129089,19559845,SVHMC122,10.186.176.91,Pacific Appliance 4
2000129102,19559845,SVHMC123,10.186.176.91,Pacific Appliance 4
2000129127,19559845,SVHMC124,10.186.176.91,Pacific Appliance 4
2000129173,19559845,SVHMC125,10.186.176.91,Pacific Appliance 4
2000129220,19559845,SVHMC126,10.186.176.91,Pacific Appliance 4
2000129252,19559845,SVHMC127,10.186.176.91,Pacific Appliance 4
2000129266,19559845,SVHMC128,10.186.176.91,Pacific Appliance 4
2000129269,19559845,SVHMC129,10.186.176.91,Pacific Appliance 4
2000130136,19559845,SVHMC130,10.186.176.91,Pacific Appliance 4
2000130169,19559845,SVHMC131,10.186.176.91,Pacific Appliance 4
2000130173,19559845,SVHMC132,10.186.176.91,Pacific Appliance 4
2000130211,19559845,SVHMC133,10.186.176.91,Pacific Appliance 4
2000130213,19559845,SVHMC134,10.186.176.91,Pacific Appliance 4
2000130248,19559845,SVHMC135,10.186.176.91,Pacific Appliance 4
2000130338,19559845,SVHMC136,10.186.176.91,Pacific Appliance 4
2000130354,19559845,SVHMC137,10.186.176.91,Pacific Appliance 4
2000130358,19559845,SVHMC138,10.186.176.91,Pacific Appliance 4
2000130366,19559845,SVHMC139,10.186.176.91,Pacific Appliance 4
2000130367,19559845,SVHMC140,10.186.176.91,Pacific Appliance 4
2000130368,19559845,SVHMC141,10.186.176.91,Pacific Appliance 4
2000130371,19559845,SVHMC142,10.186.176.91,Pacific Appliance 4
2000130378,19559845,SVHMC143,10.186.176.91,Pacific Appliance 4
2000130385,19559845,SVHMC144,10.186.176.91,Pacific Appliance 4
2000130398,19559845,SVHMC145,10.186.176.91,Pacific Appliance 4
2000138395,19559845,SVHMC146,10.186.176.91,Pacific Appliance 4
2000117426,19559845,SVHMC95,10.186.176.91,Pacific Appliance 4
2000117539,19559845,SVHMC96,10.186.176.91,Pacific Appliance 4
2000118936,19559845,SVHMC97,10.186.176.91,Pacific Appliance 4
2000118937,19559845,SVHMC98,10.186.176.91,Pacific Appliance 4
2000118950,19559845,SVHMC99,10.186.176.91,Pacific Appliance 4
2000026303,21969220,Test,10.186.176.91,Pacific Appliance 4
2000064449,19559846,VHMC62,10.186.176.91,Pacific Appliance 4
2000129260,19559846,VHMC64,10.186.176.91,Pacific Appliance 4
2000129292,19559846,VHMC65,10.186.176.91,Pacific Appliance 4
2000117675,19559846,VHMC69,10.186.176.91,Pacific Appliance 4
2000117541,19559846,VHMC70,10.186.176.91,Pacific Appliance 4
2000129261,19559846,VHMC71,10.186.176.91,Pacific Appliance 4
2000129271,19559846,VHMC72,10.186.176.91,Pacific Appliance 4
2000119005,19559846,VHMC73,10.186.176.91,Pacific Appliance 4
2000129238,19559846,VHMC74,10.186.176.91,Pacific Appliance 4
2000129146,19559846,VHMC75,10.186.176.91,Pacific Appliance 4
2000129119,19559846,VHMC76,10.186.176.91,Pacific Appliance 4
2000129139,19559846,VHMC77,10.186.176.91,Pacific Appliance 4
2000129366,19559846,VHMC78,10.186.176.91,Pacific Appliance 4
2000129100,19559846,VHMC79,10.186.176.91,Pacific Appliance 4
2000129326,19559846,VHMC80,10.186.176.91,Pacific Appliance 4
2000129142,19559846,VHMC81,10.186.176.91,Pacific Appliance 4
2000129156,19559846,VHMC82,10.186.176.91,Pacific Appliance 4
2000129103,19559846,VHMC83,10.186.176.91,Pacific Appliance 4
2000129192,19559846,VHMC84,10.186.176.91,Pacific Appliance 4
2000129171,19559846,VHMC85,10.186.176.91,Pacific Appliance 4
2000117703,19559846,VHMC86,10.186.176.91,Pacific Appliance 4
2000129263,19559846,VHMC87,10.186.176.91,Pacific Appliance 4
2000119247,19559846,VHMC88,10.186.176.91,Pacific Appliance 4
2000139942,19559846,VHMC89,10.186.176.91,Pacific Appliance 4
2000139955,19559846,VHMC90,10.186.176.91,Pacific Appliance 4
2000140006,19559846,VHMC91,10.186.176.91,Pacific Appliance 4
2000140232,19559846,VHMC92,10.186.176.91,Pacific Appliance 4
2000139947,19559846,VHMC93,10.186.176.91,Pacific Appliance 4
2000140393,19559846,VHMC94,10.186.176.91,Pacific Appliance 4
2000139993,19559846,VHMC95,10.186.176.91,Pacific Appliance 4
2000139953,19559846,VHMC96,10.186.176.91,Pacific Appliance 4
2000118037,21969220,VHSH01,10.186.176.91,Pacific Appliance 4
2000118566,21969220,VHSH02,10.186.176.91,Pacific Appliance 4
2000118726,21969220,VHSH03,10.186.176.91,Pacific Appliance 4
2000117968,21969220,VHSH04,10.186.176.91,Pacific Appliance 4
2000113526,21969220,VHSH05,10.186.176.91,Pacific Appliance 4
2000113566,21969220,VHSH06,10.186.176.91,Pacific Appliance 4
2000118147,21969220,VHSH07,10.186.176.91,Pacific Appliance 4
2000117984,21969220,VHSH08,10.186.176.91,Pacific Appliance 4
2000113750,21969220,VHSH09,10.186.176.91,Pacific Appliance 4
2000113557,21969220,VHSH10,10.186.176.91,Pacific Appliance 4
2000138188,21969220,VHSH11,10.186.176.91,Pacific Appliance 4
2000118630,21969220,VHSH12,10.186.176.91,Pacific Appliance 4
2000129312,UHSPacificProd4,VHSH70,10.186.176.91,Pacific Appliance 4
2000129330,UHSPacificProd4,,10.186.176.91,Pacific Appliance 4
2000129167,UHSPacificProd4,,10.186.176.91,Pacific Appliance 4
2000113568,UHSPacificProd4,,10.186.176.91,Pacific Appliance 4
2000129144,UHSPacificProd4,,10.186.176.91,Pacific Appliance 4
2000115122,UHSPacificProd4,,10.186.176.91,Pacific Appliance 4
19559845,UHSPacificProd4,,10.186.176.91,Pacific Appliance 4
2000124893,22065658,NNS01,10.186.186.175,Pacific Appliance 5
2000124875,22065658,NNS02,10.186.186.175,Pacific Appliance 5
2000124871,22065658,NNS03,10.186.186.175,Pacific Appliance 5
2000124507,22065658,NNS04,10.186.186.175,Pacific Appliance 5
2000089282,22065658,NNS05,10.186.186.175,Pacific Appliance 5
2000124857,22065658,NNS06,10.186.186.175,Pacific Appliance 5
2000127650,22065658,NNS07,10.186.186.175,Pacific Appliance 5
2000124862,22065658,NNS08,10.186.186.175,Pacific Appliance 5
2000124532,22065658,NNS09,10.186.186.175,Pacific Appliance 5
2000124523,22065658,NNS10,10.186.186.175,Pacific Appliance 5
2000124506,22065658,NNS100,10.186.186.175,Pacific Appliance 5
2000127734,22065658,NNS101,10.186.186.175,Pacific Appliance 5
2000127688,22065658,NNS102,10.186.186.175,Pacific Appliance 5
2000124537,22065658,NNS103,10.186.186.175,Pacific Appliance 5
2000127647,22065658,NNS104,10.186.186.175,Pacific Appliance 5
2000124867,22065658,NNS105,10.186.186.175,Pacific Appliance 5
2000127760,22065658,NNS106,10.186.186.175,Pacific Appliance 5
2000127674,22065658,NNS11,10.186.186.175,Pacific Appliance 5
2000124542,22065658,NNS12,10.186.186.175,Pacific Appliance 5
2000124858,22065658,NNS13,10.186.186.175,Pacific Appliance 5
2000124567,22065658,NNS14,10.186.186.175,Pacific Appliance 5
2000127694,22065658,NNS15,10.186.186.175,Pacific Appliance 5
2000124522,22065658,NNS16,10.186.186.175,Pacific Appliance 5
2000124853,22065658,NNS17,10.186.186.175,Pacific Appliance 5
2000124854,22065658,NNS18,10.186.186.175,Pacific Appliance 5
2000124502,22065658,NNS19,10.186.186.175,Pacific Appliance 5
2000127691,22065658,NNS20,10.186.186.175,Pacific Appliance 5
2000124864,22065658,NNS21,10.186.186.175,Pacific Appliance 5
2000125825,22065658,NNS22,10.186.186.175,Pacific Appliance 5
2000124844,22065658,NNS23,10.186.186.175,Pacific Appliance 5
2000124587,22065658,NNS24,10.186.186.175,Pacific Appliance 5
2000124524,22065658,NNS25,10.186.186.175,Pacific Appliance 5
2000124889,22065658,NNS26,10.186.186.175,Pacific Appliance 5
2000127401,22065658,NNS27,10.186.186.175,Pacific Appliance 5
2000124610,22065658,NNS28,10.186.186.175,Pacific Appliance 5
2000127780,22065658,NNS29,10.186.186.175,Pacific Appliance 5
2000124660,22065658,NNS30,10.186.186.175,Pacific Appliance 5
2000127696,22065658,NNS31,10.186.186.175,Pacific Appliance 5
2000124874,22065658,NNS32,10.186.186.175,Pacific Appliance 5
2000124869,22065658,NNS33,10.186.186.175,Pacific Appliance 5
2000127436,22065658,NNS34,10.186.186.175,Pacific Appliance 5
2000127707,22065658,NNS35,10.186.186.175,Pacific Appliance 5
2000124849,22065658,NNS36,10.186.186.175,Pacific Appliance 5
2000127800,22065658,NNS37,10.186.186.175,Pacific Appliance 5
2000124865,22065658,NNS38,10.186.186.175,Pacific Appliance 5
2000127656,22065658,NNS39,10.186.186.175,Pacific Appliance 5
2000127703,22065658,NNS40,10.186.186.175,Pacific Appliance 5
2000124878,22065658,NNS41,10.186.186.175,Pacific Appliance 5
2000124877,22065658,NNS42,10.186.186.175,Pacific Appliance 5
2000089441,22065658,NNS43,10.186.186.175,Pacific Appliance 5
2000124883,22065658,NNS44,10.186.186.175,Pacific Appliance 5
2000127719,22065658,NNS45,10.186.186.175,Pacific Appliance 5
2000127773,22065658,NNS46,10.186.186.175,Pacific Appliance 5
2000124561,22065658,NNS47,10.186.186.175,Pacific Appliance 5
2000124880,22065658,NNS48,10.186.186.175,Pacific Appliance 5
2000124557,22065658,NNS49,10.186.186.175,Pacific Appliance 5
2000124540,22065658,NNS50,10.186.186.175,Pacific Appliance 5
2000124845,22065658,NNS51,10.186.186.175,Pacific Appliance 5
2000124888,22065658,NNS52,10.186.186.175,Pacific Appliance 5
2000124872,22065658,NNS53,10.186.186.175,Pacific Appliance 5
2000124514,22065658,NNS54,10.186.186.175,Pacific Appliance 5
2000124637,22065658,NNS55,10.186.186.175,Pacific Appliance 5
2000124539,22065658,NNS56,10.186.186.175,Pacific Appliance 5
2000127414,22065658,NNS57,10.186.186.175,Pacific Appliance 5
2000124526,22065658,NNS58,10.186.186.175,Pacific Appliance 5
2000127686,22065658,NNS59,10.186.186.175,Pacific Appliance 5
2000127421,22065658,NNS60,10.186.186.175,Pacific Appliance 5
2000124863,22065658,NNS61,10.186.186.175,Pacific Appliance 5
2000124544,22065658,NNS62,10.186.186.175,Pacific Appliance 5
2000127643,22065658,NNS63,10.186.186.175,Pacific Appliance 5
2000127404,22065658,NNS64,10.186.186.175,Pacific Appliance 5
2000124879,22065658,NNS65,10.186.186.175,Pacific Appliance 5
2000124534,22065658,NNS66,10.186.186.175,Pacific Appliance 5
2000124892,22065658,NNS67,10.186.186.175,Pacific Appliance 5
2000124851,22065658,NNS68,10.186.186.175,Pacific Appliance 5
2000124603,22065658,NNS69,10.186.186.175,Pacific Appliance 5
2000124550,22065658,NNS70,10.186.186.175,Pacific Appliance 5
2000127724,22065658,NNS71,10.186.186.175,Pacific Appliance 5
2000127648,22065658,NNS72,10.186.186.175,Pacific Appliance 5
2000127683,22065658,NNS73,10.186.186.175,Pacific Appliance 5
2000124873,22065658,NNS74,10.186.186.175,Pacific Appliance 5
2000124841,22065658,NNS75,10.186.186.175,Pacific Appliance 5
2000124546,22065658,NNS76,10.186.186.175,Pacific Appliance 5
2000124866,22065658,NNS77,10.186.186.175,Pacific Appliance 5
2000124555,22065658,NNS78,10.186.186.175,Pacific Appliance 5
2000124855,22065658,NNS79,10.186.186.175,Pacific Appliance 5
2000127659,22065658,NNS80,10.186.186.175,Pacific Appliance 5
2000124885,22065658,NNS81,10.186.186.175,Pacific Appliance 5
2000127759,22065658,NNS82,10.186.186.175,Pacific Appliance 5
2000124604,22065658,NNS83,10.186.186.175,Pacific Appliance 5
2000124856,22065658,NNS84,10.186.186.175,Pacific Appliance 5
2000124861,22065658,NNS85,10.186.186.175,Pacific Appliance 5
2000124848,22065658,NNS86,10.186.186.175,Pacific Appliance 5
2000124547,22065658,NNS87,10.186.186.175,Pacific Appliance 5
2000124859,22065658,NNS88,10.186.186.175,Pacific Appliance 5
2000124884,22065658,NNS89,10.186.186.175,Pacific Appliance 5
2000124512,22065658,NNS90,10.186.186.175,Pacific Appliance 5
2000127660,22065658,NNS91,10.186.186.175,Pacific Appliance 5
2000124887,22065658,NNS92,10.186.186.175,Pacific Appliance 5
2000127712,22065658,NNS93,10.186.186.175,Pacific Appliance 5
2000127671,22065658,NNS94,10.186.186.175,Pacific Appliance 5
2000124870,22065658,NNS95,10.186.186.175,Pacific Appliance 5
2000127654,22065658,NNS96,10.186.186.175,Pacific Appliance 5
2000127718,22065658,NNS97,10.186.186.175,Pacific Appliance 5
2000124607,22065658,NNS98,10.186.186.175,Pacific Appliance 5
2000124669,22065658,NNS99,10.186.186.175,Pacific Appliance 5
2000124890,default domain,,10.186.186.175,Pacific Appliance 5
2000124842,default domain,,10.186.186.175,Pacific Appliance 5
